run_id,kind,case_id,id,provider,model,status,choice,confidence,ms,cost,usage,correct
d22e6a90-759e-46d1-abf2-5d2aaac96a27,reports,heldout-report-1,16df6225-a78a-4ce0-9433-2983511658de,decisions,gpt-6-luna,ok,contradicted,0.96,217.0498329999973,3.27e-05,"{'input_tokens': 327, 'input_tokens_details': {'cached_tokens': 0, 'cache_write_tokens': 0}, 'output_tokens': 0, 'output_tokens_details': {'reasoning_tokens': 0}, 'total_tokens': 327}",True
d22e6a90-759e-46d1-abf2-5d2aaac96a27,reports,heldout-report-1,d6c07331-7f7c-432c-a7c6-06183bc19f7b,jev,jev-1.13.0,ok,contradicted,1,370.87162499999977,2.373e-05,"{'input_tokens': 565, 'output_tokens': 47}",True
d22e6a90-759e-46d1-abf2-5d2aaac96a27,reports,heldout-report-1,b680a2f1-7d49-4b92-8655-863995431a2c,decisions,gpt-6-luna,ok,contradicted,0.96,192.1976250000007,3.2200000000000003e-05,"{'input_tokens': 322, 'input_tokens_details': {'cached_tokens': 0, 'cache_write_tokens': 0}, 'output_tokens': 0, 'output_tokens_details': {'reasoning_tokens': 0}, 'total_tokens': 322}",True
d22e6a90-759e-46d1-abf2-5d2aaac96a27,reports,heldout-report-1,38286ee1-3462-4abd-a534-58490d909292,jev,jev-1.13.0,ok,contradicted,1,193.12279199999466,2.3310000000000002e-05,"{'input_tokens': 555, 'output_tokens': 47}",True
d22e6a90-759e-46d1-abf2-5d2aaac96a27,reports,heldout-report-1,47637e59-8593-4102-ab2b-00f42e63134e,decisions,gpt-6-luna,ok,insufficient,1,111.21441700001014,3.2e-05,"{'input_tokens': 320, 'input_tokens_details': {'cached_tokens': 0, 'cache_write_tokens': 0}, 'output_tokens': 0, 'output_tokens_details': {'reasoning_tokens': 0}, 'total_tokens': 320}",True
d22e6a90-759e-46d1-abf2-5d2aaac96a27,reports,heldout-report-1,34bdecd0-18ba-46a1-afdb-55fe9ff40156,jev,jev-1.13.0,ok,insufficient,1,125.70749999998952,2.3226000000000004e-05,"{'input_tokens': 553, 'output_tokens': 47}",True
d22e6a90-759e-46d1-abf2-5d2aaac96a27,reports,heldout-report-1,e9af18f4-0940-4878-929a-717e8ef74d5e,decisions,gpt-6-luna,ok,contradicted,1,156.29629099999147,3.18e-05,"{'input_tokens': 318, 'input_tokens_details': {'cached_tokens': 0, 'cache_write_tokens': 0}, 'output_tokens': 0, 'output_tokens_details': {'reasoning_tokens': 0}, 'total_tokens': 318}",True
d22e6a90-759e-46d1-abf2-5d2aaac96a27,reports,heldout-report-1,3c204172-3f97-45c3-b0df-754f3eeb4752,jev,jev-1.13.0,ok,contradicted,1,173.58079199999338,2.3142000000000003e-05,"{'input_tokens': 551, 'output_tokens': 47}",True
d22e6a90-759e-46d1-abf2-5d2aaac96a27,reports,heldout-report-1,e0aa1173-05f1-4bc2-917f-9043240a892f,jev,jev-1.13.0,ok,supported,0.98,124.19862500000454,2.3562000000000002e-05,"{'input_tokens': 561, 'output_tokens': 44}",True
d22e6a90-759e-46d1-abf2-5d2aaac96a27,reports,heldout-report-1,a20d4f06-3e19-474f-9d9f-bf88ac41a92d,decisions,gpt-6-luna,ok,supported,0.96,126.24391600000672,3.25e-05,"{'input_tokens': 325, 'input_tokens_details': {'cached_tokens': 0, 'cache_write_tokens': 0}, 'output_tokens': 0, 'output_tokens_details': {'reasoning_tokens': 0}, 'total_tokens': 325}",True
062f5405-2f65-43fd-9a3c-a895e425a412,reports,heldout-report-2,83620dfc-e986-4897-a915-10507abe43df,decisions,gpt-6-luna,ok,contradicted,1,103.74366699998791,3.18e-05,"{'input_tokens': 318, 'input_tokens_details': {'cached_tokens': 0, 'cache_write_tokens': 0}, 'output_tokens': 0, 'output_tokens_details': {'reasoning_tokens': 0}, 'total_tokens': 318}",True
062f5405-2f65-43fd-9a3c-a895e425a412,reports,heldout-report-2,7b322575-6698-4093-8bcf-2b5d27c492dd,jev,jev-1.13.0,ok,contradicted,1,137.8319160000101,2.3100000000000002e-05,"{'input_tokens': 550, 'output_tokens': 47}",True
062f5405-2f65-43fd-9a3c-a895e425a412,reports,heldout-report-2,f350a180-d114-4e86-bf9b-c45fc1a7a927,decisions,gpt-6-luna,ok,supported,0.93,124.96645900000294,3.2300000000000006e-05,"{'input_tokens': 323, 'input_tokens_details': {'cached_tokens': 0, 'cache_write_tokens': 0}, 'output_tokens': 0, 'output_tokens_details': {'reasoning_tokens': 0}, 'total_tokens': 323}",True
062f5405-2f65-43fd-9a3c-a895e425a412,reports,heldout-report-2,898b4598-cf19-4cb2-baa9-082903deebfc,jev,jev-1.13.0,ok,supported,1,131.13712499999383,2.3310000000000002e-05,"{'input_tokens': 555, 'output_tokens': 44}",True
062f5405-2f65-43fd-9a3c-a895e425a412,reports,heldout-report-2,3bd098c5-1ff9-4b07-9041-313bcc694d19,decisions,gpt-6-luna,ok,insufficient,1,156.02929099999892,3.21e-05,"{'input_tokens': 321, 'input_tokens_details': {'cached_tokens': 0, 'cache_write_tokens': 0}, 'output_tokens': 0, 'output_tokens_details': {'reasoning_tokens': 0}, 'total_tokens': 321}",True
062f5405-2f65-43fd-9a3c-a895e425a412,reports,heldout-report-2,4b48ff6a-9950-477d-b0d9-1e599db6576b,jev,jev-1.13.0,ok,insufficient,1,157.09279199999582,2.3226000000000004e-05,"{'input_tokens': 553, 'output_tokens': 47}",True
062f5405-2f65-43fd-9a3c-a895e425a412,reports,heldout-report-2,bc79bfc2-4e0a-468f-9cd8-7e0d44b5746f,decisions,gpt-6-luna,ok,supported,0.97,121.64141599999857,3.26e-05,"{'input_tokens': 326, 'input_tokens_details': {'cached_tokens': 0, 'cache_write_tokens': 0}, 'output_tokens': 0, 'output_tokens_details': {'reasoning_tokens': 0}, 'total_tokens': 326}",True
062f5405-2f65-43fd-9a3c-a895e425a412,reports,heldout-report-2,e372082b-201c-4059-8ec6-bafe71879390,jev,jev-1.13.0,ok,supported,1,153.26183400000446,2.3604000000000003e-05,"{'input_tokens': 562, 'output_tokens': 44}",True
062f5405-2f65-43fd-9a3c-a895e425a412,reports,heldout-report-2,4fdde292-f937-4188-a412-0584b597a5ac,decisions,gpt-6-luna,ok,supported,0.88,154.8204160000023,3.25e-05,"{'input_tokens': 325, 'input_tokens_details': {'cached_tokens': 0, 'cache_write_tokens': 0}, 'output_tokens': 0, 'output_tokens_details': {'reasoning_tokens': 0}, 'total_tokens': 325}",True
062f5405-2f65-43fd-9a3c-a895e425a412,reports,heldout-report-2,832f051c-ac95-4896-9e4e-0e15f5e8bb7d,jev,jev-1.13.0,ok,supported,0.98,155.98683300000266,2.3520000000000002e-05,"{'input_tokens': 560, 'output_tokens': 44}",True
973cf22a-d35f-4d50-b076-a6cd0ffa349a,reports,heldout-report-3,11b48424-d087-4dfc-91e5-4bebb1a602b1,decisions,gpt-6-luna,ok,contradicted,0.96,181.24183400000038,3.27e-05,"{'input_tokens': 327, 'input_tokens_details': {'cached_tokens': 0, 'cache_write_tokens': 0}, 'output_tokens': 0, 'output_tokens_details': {'reasoning_tokens': 0}, 'total_tokens': 327}",True
973cf22a-d35f-4d50-b076-a6cd0ffa349a,reports,heldout-report-3,416eac50-e665-41f1-838b-3e2b3eab420b,jev,jev-1.13.0,ok,contradicted,1,182.04883300000802,2.3646e-05,"{'input_tokens': 563, 'output_tokens': 47}",True
973cf22a-d35f-4d50-b076-a6cd0ffa349a,reports,heldout-report-3,89d827d6-d224-4e8f-9757-2f947dc6dc44,decisions,gpt-6-luna,ok,contradicted,0.91,109.25191700000141,3.2300000000000006e-05,"{'input_tokens': 323, 'input_tokens_details': {'cached_tokens': 0, 'cache_write_tokens': 0}, 'output_tokens': 0, 'output_tokens_details': {'reasoning_tokens': 0}, 'total_tokens': 323}",True
973cf22a-d35f-4d50-b076-a6cd0ffa349a,reports,heldout-report-3,14890fd6-5a4a-4ccd-9a66-72d68cd0f3a2,jev,jev-1.13.0,ok,contradicted,1,120.02616700000362,2.3310000000000002e-05,"{'input_tokens': 555, 'output_tokens': 47}",True
973cf22a-d35f-4d50-b076-a6cd0ffa349a,reports,heldout-report-3,8a681db4-4ded-4ace-a04d-ac284198c6db,jev,jev-1.13.0,ok,insufficient,1,133.98295900000085,2.3310000000000002e-05,"{'input_tokens': 555, 'output_tokens': 47}",True
973cf22a-d35f-4d50-b076-a6cd0ffa349a,reports,heldout-report-3,0abb2bee-d130-4104-8c24-4ef8db3e65d1,decisions,gpt-6-luna,ok,insufficient,1,135.68450000000303,3.2300000000000006e-05,"{'input_tokens': 323, 'input_tokens_details': {'cached_tokens': 0, 'cache_write_tokens': 0}, 'output_tokens': 0, 'output_tokens_details': {'reasoning_tokens': 0}, 'total_tokens': 323}",True
973cf22a-d35f-4d50-b076-a6cd0ffa349a,reports,heldout-report-3,13f248ad-712f-44d0-9295-4e97f7eb374f,decisions,gpt-6-luna,ok,contradicted,1,165.21749999999884,3.19e-05,"{'input_tokens': 319, 'input_tokens_details': {'cached_tokens': 0, 'cache_write_tokens': 0}, 'output_tokens': 0, 'output_tokens_details': {'reasoning_tokens': 0}, 'total_tokens': 319}",True
973cf22a-d35f-4d50-b076-a6cd0ffa349a,reports,heldout-report-3,e72b361f-447e-4a6b-ba5d-9f9d7475e9eb,jev,jev-1.13.0,ok,contradicted,1,166.36687500000698,2.3142000000000003e-05,"{'input_tokens': 551, 'output_tokens': 47}",True
973cf22a-d35f-4d50-b076-a6cd0ffa349a,reports,heldout-report-3,a483077e-849d-4765-aafa-9ffda609734b,decisions,gpt-6-luna,ok,supported,0.73,135.81741600000532,3.26e-05,"{'input_tokens': 326, 'input_tokens_details': {'cached_tokens': 0, 'cache_write_tokens': 0}, 'output_tokens': 0, 'output_tokens_details': {'reasoning_tokens': 0}, 'total_tokens': 326}",True
973cf22a-d35f-4d50-b076-a6cd0ffa349a,reports,heldout-report-3,7ac57193-b2d7-4ecb-a4ee-2731e06371d7,jev,jev-1.13.0,ok,supported,0.98,143.8332919999957,2.3562000000000002e-05,"{'input_tokens': 561, 'output_tokens': 44}",True
5efc5fb8-06d1-4188-bb03-0238dc27072e,reports,heldout-report-4,4057cb40-f355-4dfa-abca-b8e57a2895dc,decisions,gpt-6-luna,ok,contradicted,1,111.61929099999543,3.18e-05,"{'input_tokens': 318, 'input_tokens_details': {'cached_tokens': 0, 'cache_write_tokens': 0}, 'output_tokens': 0, 'output_tokens_details': {'reasoning_tokens': 0}, 'total_tokens': 318}",True
5efc5fb8-06d1-4188-bb03-0238dc27072e,reports,heldout-report-4,02e2ee71-ccda-4197-a504-191dd956adcd,jev,jev-1.13.0,ok,contradicted,1,148.6166249999951,2.3100000000000002e-05,"{'input_tokens': 550, 'output_tokens': 47}",True
5efc5fb8-06d1-4188-bb03-0238dc27072e,reports,heldout-report-4,bef66195-24a0-42f1-bf39-653c2fa7ce84,decisions,gpt-6-luna,ok,supported,0.97,147.8614169999928,3.2300000000000006e-05,"{'input_tokens': 323, 'input_tokens_details': {'cached_tokens': 0, 'cache_write_tokens': 0}, 'output_tokens': 0, 'output_tokens_details': {'reasoning_tokens': 0}, 'total_tokens': 323}",True
5efc5fb8-06d1-4188-bb03-0238dc27072e,reports,heldout-report-4,c3564c3a-da90-40b9-8718-ccc5cfae6ccf,jev,jev-1.13.0,ok,supported,0.99,148.49587499999325,2.3310000000000002e-05,"{'input_tokens': 555, 'output_tokens': 44}",True
5efc5fb8-06d1-4188-bb03-0238dc27072e,reports,heldout-report-4,2cca7e42-13ca-43dc-b5ed-799ae0ac988a,jev,jev-1.13.0,ok,insufficient,1,126.3138750000071,2.3184e-05,"{'input_tokens': 552, 'output_tokens': 47}",True
5efc5fb8-06d1-4188-bb03-0238dc27072e,reports,heldout-report-4,5fd51aad-d64d-4b42-ae39-8b69ce1e5acd,decisions,gpt-6-luna,ok,insufficient,1,143.85620800001197,3.2e-05,"{'input_tokens': 320, 'input_tokens_details': {'cached_tokens': 0, 'cache_write_tokens': 0}, 'output_tokens': 0, 'output_tokens_details': {'reasoning_tokens': 0}, 'total_tokens': 320}",True
5efc5fb8-06d1-4188-bb03-0238dc27072e,reports,heldout-report-4,aa201a6a-6518-44fc-91cc-b951620d65f5,decisions,gpt-6-luna,ok,supported,0.99,154.18341599999985,3.26e-05,"{'input_tokens': 326, 'input_tokens_details': {'cached_tokens': 0, 'cache_write_tokens': 0}, 'output_tokens': 0, 'output_tokens_details': {'reasoning_tokens': 0}, 'total_tokens': 326}",True
5efc5fb8-06d1-4188-bb03-0238dc27072e,reports,heldout-report-4,fddd50db-fa58-4b44-b1cd-c4961835dc41,jev,jev-1.13.0,ok,supported,1,182.99599999999919,2.3604000000000003e-05,"{'input_tokens': 562, 'output_tokens': 44}",True
5efc5fb8-06d1-4188-bb03-0238dc27072e,reports,heldout-report-4,34430fc1-a6bf-4a36-a762-3835a4d75e55,decisions,gpt-6-luna,ok,supported,0.94,136.10000000000582,3.25e-05,"{'input_tokens': 325, 'input_tokens_details': {'cached_tokens': 0, 'cache_write_tokens': 0}, 'output_tokens': 0, 'output_tokens_details': {'reasoning_tokens': 0}, 'total_tokens': 325}",True
5efc5fb8-06d1-4188-bb03-0238dc27072e,reports,heldout-report-4,8b851ab6-0a24-4bf7-9ea3-6905f2263987,jev,jev-1.13.0,ok,supported,0.97,188.0602910000016,2.3520000000000002e-05,"{'input_tokens': 560, 'output_tokens': 44}",True
3331ad40-6aa8-44db-a5da-9d4393bdd875,reports,heldout-report-5,957fe8ee-b04d-4372-ac0e-cc27b5ddff52,decisions,gpt-6-luna,ok,contradicted,0.79,114.55245800000557,3.29e-05,"{'input_tokens': 329, 'input_tokens_details': {'cached_tokens': 0, 'cache_write_tokens': 0}, 'output_tokens': 0, 'output_tokens_details': {'reasoning_tokens': 0}, 'total_tokens': 329}",True
3331ad40-6aa8-44db-a5da-9d4393bdd875,reports,heldout-report-5,d00f86d3-429c-431e-a72c-1c2014cc2cf7,jev,jev-1.13.0,ok,contradicted,1,132.59412500000326,2.373e-05,"{'input_tokens': 565, 'output_tokens': 47}",True
3331ad40-6aa8-44db-a5da-9d4393bdd875,reports,heldout-report-5,0f515262-df41-4610-8f20-ce7b8db60a3a,jev,jev-1.13.0,ok,contradicted,1,166.69295799999963,2.3352e-05,"{'input_tokens': 556, 'output_tokens': 47}",True
3331ad40-6aa8-44db-a5da-9d4393bdd875,reports,heldout-report-5,f6da87a2-3408-48c5-8b75-4ede01e67a14,decisions,gpt-6-luna,ok,contradicted,0.55,271.1359999999986,3.24e-05,"{'input_tokens': 324, 'input_tokens_details': {'cached_tokens': 0, 'cache_write_tokens': 0}, 'output_tokens': 0, 'output_tokens_details': {'reasoning_tokens': 0}, 'total_tokens': 324}",True
3331ad40-6aa8-44db-a5da-9d4393bdd875,reports,heldout-report-5,3206cb4a-ab01-4231-97a9-7cc9a7cba911,decisions,gpt-6-luna,ok,insufficient,1,116.09754199998861,3.2300000000000006e-05,"{'input_tokens': 323, 'input_tokens_details': {'cached_tokens': 0, 'cache_write_tokens': 0}, 'output_tokens': 0, 'output_tokens_details': {'reasoning_tokens': 0}, 'total_tokens': 323}",True
3331ad40-6aa8-44db-a5da-9d4393bdd875,reports,heldout-report-5,022cb49f-a0f1-4c6d-aae5-53365443088d,jev,jev-1.13.0,ok,insufficient,1,121.74583299999358,2.3310000000000002e-05,"{'input_tokens': 555, 'output_tokens': 47}",True
3331ad40-6aa8-44db-a5da-9d4393bdd875,reports,heldout-report-5,64512222-37d5-4d4f-ad49-621deb15fb1f,decisions,gpt-6-luna,ok,contradicted,0.99,133.4241660000116,3.2e-05,"{'input_tokens': 320, 'input_tokens_details': {'cached_tokens': 0, 'cache_write_tokens': 0}, 'output_tokens': 0, 'output_tokens_details': {'reasoning_tokens': 0}, 'total_tokens': 320}",True
3331ad40-6aa8-44db-a5da-9d4393bdd875,reports,heldout-report-5,c59f5455-9eeb-4eb5-8b04-bb90d1bd0cd0,jev,jev-1.13.0,ok,contradicted,1,141.4479999999894,2.3184e-05,"{'input_tokens': 552, 'output_tokens': 47}",True
3331ad40-6aa8-44db-a5da-9d4393bdd875,reports,heldout-report-5,7100722d-6d09-46cb-be43-1b868a29ef33,decisions,gpt-6-luna,ok,supported,0.83,146.0950840000005,3.27e-05,"{'input_tokens': 327, 'input_tokens_details': {'cached_tokens': 0, 'cache_write_tokens': 0}, 'output_tokens': 0, 'output_tokens_details': {'reasoning_tokens': 0}, 'total_tokens': 327}",True
3331ad40-6aa8-44db-a5da-9d4393bdd875,reports,heldout-report-5,f50166f6-8a93-4964-882d-6cc3f0dc25d3,jev,jev-1.13.0,ok,supported,0.97,147.48562500000116,2.3604000000000003e-05,"{'input_tokens': 562, 'output_tokens': 44}",True
c64545d8-07bb-43c9-88f4-efa83ee25de0,reports,heldout-report-6,7cd070a1-76b2-4588-954d-0e0191f7cbde,decisions,gpt-6-luna,ok,contradicted,1,109.07287499999802,3.2e-05,"{'input_tokens': 320, 'input_tokens_details': {'cached_tokens': 0, 'cache_write_tokens': 0}, 'output_tokens': 0, 'output_tokens_details': {'reasoning_tokens': 0}, 'total_tokens': 320}",True
c64545d8-07bb-43c9-88f4-efa83ee25de0,reports,heldout-report-6,bf4c2ec4-9690-4468-8739-a473f91ff544,jev,jev-1.13.0,ok,contradicted,1,155.90595799998846,2.3184e-05,"{'input_tokens': 552, 'output_tokens': 47}",True
c64545d8-07bb-43c9-88f4-efa83ee25de0,reports,heldout-report-6,0e3e38c4-8911-4c33-a92a-9bf2bae36e0d,jev,jev-1.13.0,ok,supported,1,138.61975000001257,2.3394000000000003e-05,"{'input_tokens': 557, 'output_tokens': 44}",True
c64545d8-07bb-43c9-88f4-efa83ee25de0,reports,heldout-report-6,28d32407-a55d-4611-9068-a737d35a6cb0,decisions,gpt-6-luna,ok,supported,0.97,152.80533400000422,3.25e-05,"{'input_tokens': 325, 'input_tokens_details': {'cached_tokens': 0, 'cache_write_tokens': 0}, 'output_tokens': 0, 'output_tokens_details': {'reasoning_tokens': 0}, 'total_tokens': 325}",True
c64545d8-07bb-43c9-88f4-efa83ee25de0,reports,heldout-report-6,f95f1b53-c393-4141-8069-f3a779003fdc,jev,jev-1.13.0,ok,insufficient,1,169.674125000005,2.3352e-05,"{'input_tokens': 556, 'output_tokens': 47}",True
c64545d8-07bb-43c9-88f4-efa83ee25de0,reports,heldout-report-6,fb921f58-5b10-4bed-a2e2-17fb42c419c7,decisions,gpt-6-luna,ok,insufficient,0.99,584.1137500000041,3.24e-05,"{'input_tokens': 324, 'input_tokens_details': {'cached_tokens': 0, 'cache_write_tokens': 0}, 'output_tokens': 0, 'output_tokens_details': {'reasoning_tokens': 0}, 'total_tokens': 324}",True
c64545d8-07bb-43c9-88f4-efa83ee25de0,reports,heldout-report-6,b56c59ba-4527-4fb6-ba33-6dca0f859fc2,decisions,gpt-6-luna,ok,supported,0.97,106.4799170000042,3.29e-05,"{'input_tokens': 329, 'input_tokens_details': {'cached_tokens': 0, 'cache_write_tokens': 0}, 'output_tokens': 0, 'output_tokens_details': {'reasoning_tokens': 0}, 'total_tokens': 329}",True
c64545d8-07bb-43c9-88f4-efa83ee25de0,reports,heldout-report-6,d55ce07a-2652-4650-bd88-1c762d638152,jev,jev-1.13.0,ok,supported,1,150.8297920000041,2.373e-05,"{'input_tokens': 565, 'output_tokens': 44}",True
c64545d8-07bb-43c9-88f4-efa83ee25de0,reports,heldout-report-6,1c565e60-ef95-4bc7-aeab-2825a5210cd9,decisions,gpt-6-luna,ok,supported,0.89,127.48270799999591,3.27e-05,"{'input_tokens': 327, 'input_tokens_details': {'cached_tokens': 0, 'cache_write_tokens': 0}, 'output_tokens': 0, 'output_tokens_details': {'reasoning_tokens': 0}, 'total_tokens': 327}",True
c64545d8-07bb-43c9-88f4-efa83ee25de0,reports,heldout-report-6,6d532368-0c01-444f-9eff-552ca69ea6a0,jev,jev-1.13.0,ok,supported,0.95,140.3868339999899,2.3604000000000003e-05,"{'input_tokens': 562, 'output_tokens': 44}",True
2ad49b00-7d4b-479c-bf91-ed1c8a2d3aa8,reports,heldout-report-7,25b8cff9-fe7d-450b-965a-ddfaa6359572,jev,jev-1.13.0,ok,contradicted,1,136.79920799999672,2.3646e-05,"{'input_tokens': 563, 'output_tokens': 47}",True
2ad49b00-7d4b-479c-bf91-ed1c8a2d3aa8,reports,heldout-report-7,89ac5802-dd3c-4fb2-b596-62b8a664ca0f,decisions,gpt-6-luna,ok,contradicted,0.91,154.37841600000684,3.27e-05,"{'input_tokens': 327, 'input_tokens_details': {'cached_tokens': 0, 'cache_write_tokens': 0}, 'output_tokens': 0, 'output_tokens_details': {'reasoning_tokens': 0}, 'total_tokens': 327}",True
2ad49b00-7d4b-479c-bf91-ed1c8a2d3aa8,reports,heldout-report-7,d6769752-13c4-4960-89a9-e5075bb5011e,decisions,gpt-6-luna,ok,contradicted,0.99,127.69945899999584,3.2200000000000003e-05,"{'input_tokens': 322, 'input_tokens_details': {'cached_tokens': 0, 'cache_write_tokens': 0}, 'output_tokens': 0, 'output_tokens_details': {'reasoning_tokens': 0}, 'total_tokens': 322}",True
2ad49b00-7d4b-479c-bf91-ed1c8a2d3aa8,reports,heldout-report-7,2fbe6090-8898-45d5-b067-695534cb1e99,jev,jev-1.13.0,ok,contradicted,1,137.02037499999278,2.3268e-05,"{'input_tokens': 554, 'output_tokens': 47}",True
2ad49b00-7d4b-479c-bf91-ed1c8a2d3aa8,reports,heldout-report-7,c7ceafab-4a84-4517-9fea-ce0f27801dbe,decisions,gpt-6-luna,ok,insufficient,1,142.57883300000685,3.2e-05,"{'input_tokens': 320, 'input_tokens_details': {'cached_tokens': 0, 'cache_write_tokens': 0}, 'output_tokens': 0, 'output_tokens_details': {'reasoning_tokens': 0}, 'total_tokens': 320}",True
2ad49b00-7d4b-479c-bf91-ed1c8a2d3aa8,reports,heldout-report-7,59bed247-ab09-47a1-bd2b-be4c5aba8d22,jev,jev-1.13.0,ok,insufficient,1,159.15145800000755,2.3184e-05,"{'input_tokens': 552, 'output_tokens': 47}",True
2ad49b00-7d4b-479c-bf91-ed1c8a2d3aa8,reports,heldout-report-7,a8382095-9428-4821-a1a6-63218f0104c3,jev,jev-1.13.0,ok,contradicted,1,141.70245799999975,2.3100000000000002e-05,"{'input_tokens': 550, 'output_tokens': 47}",True
2ad49b00-7d4b-479c-bf91-ed1c8a2d3aa8,reports,heldout-report-7,ffb994c7-098a-4263-a074-a2059355abab,decisions,gpt-6-luna,ok,contradicted,1,213.21979199998896,3.18e-05,"{'input_tokens': 318, 'input_tokens_details': {'cached_tokens': 0, 'cache_write_tokens': 0}, 'output_tokens': 0, 'output_tokens_details': {'reasoning_tokens': 0}, 'total_tokens': 318}",True
2ad49b00-7d4b-479c-bf91-ed1c8a2d3aa8,reports,heldout-report-7,a14a8887-020f-47f3-8f0b-1f04ebf26cc5,jev,jev-1.13.0,ok,supported,0.96,162.20833399999538,2.3520000000000002e-05,"{'input_tokens': 560, 'output_tokens': 44}",True
2ad49b00-7d4b-479c-bf91-ed1c8a2d3aa8,reports,heldout-report-7,78779326-7d98-4d19-8636-188a0279d175,decisions,gpt-6-luna,ok,supported,0.89,173.76587499999732,3.25e-05,"{'input_tokens': 325, 'input_tokens_details': {'cached_tokens': 0, 'cache_write_tokens': 0}, 'output_tokens': 0, 'output_tokens_details': {'reasoning_tokens': 0}, 'total_tokens': 325}",True
a62bdb52-8251-4691-91cc-1368719de065,reports,heldout-report-8,0df175fc-206d-4606-a6ce-f9ac177c2da7,decisions,gpt-6-luna,ok,contradicted,1,150.02366600000823,3.19e-05,"{'input_tokens': 319, 'input_tokens_details': {'cached_tokens': 0, 'cache_write_tokens': 0}, 'output_tokens': 0, 'output_tokens_details': {'reasoning_tokens': 0}, 'total_tokens': 319}",True
a62bdb52-8251-4691-91cc-1368719de065,reports,heldout-report-8,cb7158ac-bdea-4bb9-af18-e529a2950497,jev,jev-1.13.0,ok,contradicted,1,151.05295800000022,2.3184e-05,"{'input_tokens': 552, 'output_tokens': 47}",True
a62bdb52-8251-4691-91cc-1368719de065,reports,heldout-report-8,5aed032d-eb32-4fb8-a098-6a33d226728b,decisions,gpt-6-luna,ok,supported,0.93,184.20316699999967,3.24e-05,"{'input_tokens': 324, 'input_tokens_details': {'cached_tokens': 0, 'cache_write_tokens': 0}, 'output_tokens': 0, 'output_tokens_details': {'reasoning_tokens': 0}, 'total_tokens': 324}",True
a62bdb52-8251-4691-91cc-1368719de065,reports,heldout-report-8,976a24b4-9dea-42b4-98f3-5fa32c49518f,jev,jev-1.13.0,ok,supported,0.99,281.6024170000019,2.3394000000000003e-05,"{'input_tokens': 557, 'output_tokens': 44}",True
a62bdb52-8251-4691-91cc-1368719de065,reports,heldout-report-8,dee48151-8688-4314-919b-24ae79751161,decisions,gpt-6-luna,ok,insufficient,1,116.24283299999661,3.2200000000000003e-05,"{'input_tokens': 322, 'input_tokens_details': {'cached_tokens': 0, 'cache_write_tokens': 0}, 'output_tokens': 0, 'output_tokens_details': {'reasoning_tokens': 0}, 'total_tokens': 322}",True
a62bdb52-8251-4691-91cc-1368719de065,reports,heldout-report-8,a35f8b92-dcbb-455f-8308-6df7fc4ffc35,jev,jev-1.13.0,ok,insufficient,1,192.26716699999815,2.3310000000000002e-05,"{'input_tokens': 555, 'output_tokens': 47}",True
a62bdb52-8251-4691-91cc-1368719de065,reports,heldout-report-8,69a52d28-da6e-466c-8843-de83f4354845,decisions,gpt-6-luna,ok,supported,0.89,176.1114579999994,3.27e-05,"{'input_tokens': 327, 'input_tokens_details': {'cached_tokens': 0, 'cache_write_tokens': 0}, 'output_tokens': 0, 'output_tokens_details': {'reasoning_tokens': 0}, 'total_tokens': 327}",True
a62bdb52-8251-4691-91cc-1368719de065,reports,heldout-report-8,76bb2402-090b-43eb-a579-f75f2e64195e,jev,jev-1.13.0,ok,supported,1,177.1339580000058,2.373e-05,"{'input_tokens': 565, 'output_tokens': 44}",True
a62bdb52-8251-4691-91cc-1368719de065,reports,heldout-report-8,6e81f417-85e5-4dc3-a2b3-283e59a8a19f,decisions,gpt-6-luna,ok,supported,0.8,104.86787500001083,3.26e-05,"{'input_tokens': 326, 'input_tokens_details': {'cached_tokens': 0, 'cache_write_tokens': 0}, 'output_tokens': 0, 'output_tokens_details': {'reasoning_tokens': 0}, 'total_tokens': 326}",True
a62bdb52-8251-4691-91cc-1368719de065,reports,heldout-report-8,199f05b7-e607-451c-a2bc-73e615d81b0e,jev,jev-1.13.0,ok,supported,0.98,121.22624999999243,2.3604000000000003e-05,"{'input_tokens': 562, 'output_tokens': 44}",True
be9ff232-6767-4e36-b6d7-5c275986163c,reports,heldout-report-9,4015b9c4-1970-48d1-ac0a-7a4e40efb657,decisions,gpt-6-luna,ok,contradicted,0.89,122.7436250000028,3.27e-05,"{'input_tokens': 327, 'input_tokens_details': {'cached_tokens': 0, 'cache_write_tokens': 0}, 'output_tokens': 0, 'output_tokens_details': {'reasoning_tokens': 0}, 'total_tokens': 327}",True
be9ff232-6767-4e36-b6d7-5c275986163c,reports,heldout-report-9,43390753-74d0-479d-a1cd-acc0832e98ba,jev,jev-1.13.0,ok,contradicted,1,151.43833299999824,2.373e-05,"{'input_tokens': 565, 'output_tokens': 47}",True
be9ff232-6767-4e36-b6d7-5c275986163c,reports,heldout-report-9,85ce375a-72bf-445a-a86d-ed6a9e8392bc,decisions,gpt-6-luna,ok,contradicted,0.91,156.76237499999115,3.2300000000000006e-05,"{'input_tokens': 323, 'input_tokens_details': {'cached_tokens': 0, 'cache_write_tokens': 0}, 'output_tokens': 0, 'output_tokens_details': {'reasoning_tokens': 0}, 'total_tokens': 323}",True
be9ff232-6767-4e36-b6d7-5c275986163c,reports,heldout-report-9,18e1794a-4002-41ff-81d4-68c7b45f20d9,jev,jev-1.13.0,ok,contradicted,1,160.09841599999345,2.3352e-05,"{'input_tokens': 556, 'output_tokens': 47}",True
be9ff232-6767-4e36-b6d7-5c275986163c,reports,heldout-report-9,c42c929e-96cf-4ff3-837f-45027178d5d0,jev,jev-1.13.0,ok,insufficient,1,125.08074999999371,2.3352e-05,"{'input_tokens': 556, 'output_tokens': 47}",True
be9ff232-6767-4e36-b6d7-5c275986163c,reports,heldout-report-9,36fdc6c6-ab58-4198-9973-d7e7f3695d7a,decisions,gpt-6-luna,ok,insufficient,0.99,140.51470900001004,3.2300000000000006e-05,"{'input_tokens': 323, 'input_tokens_details': {'cached_tokens': 0, 'cache_write_tokens': 0}, 'output_tokens': 0, 'output_tokens_details': {'reasoning_tokens': 0}, 'total_tokens': 323}",True
be9ff232-6767-4e36-b6d7-5c275986163c,reports,heldout-report-9,5c0b710f-646c-4e00-8b20-f4beecb6d64f,decisions,gpt-6-luna,ok,contradicted,1,136.46262500000012,3.19e-05,"{'input_tokens': 319, 'input_tokens_details': {'cached_tokens': 0, 'cache_write_tokens': 0}, 'output_tokens': 0, 'output_tokens_details': {'reasoning_tokens': 0}, 'total_tokens': 319}",True
be9ff232-6767-4e36-b6d7-5c275986163c,reports,heldout-report-9,cd8ebe3b-5dab-447f-bd62-2dd515297f5b,jev,jev-1.13.0,ok,contradicted,1,166.63579200000095,2.3184e-05,"{'input_tokens': 552, 'output_tokens': 47}",True
be9ff232-6767-4e36-b6d7-5c275986163c,reports,heldout-report-9,d7503fe3-6edd-47e6-98ee-bceb72e387da,decisions,gpt-6-luna,ok,supported,0.72,105.15629199999967,3.26e-05,"{'input_tokens': 326, 'input_tokens_details': {'cached_tokens': 0, 'cache_write_tokens': 0}, 'output_tokens': 0, 'output_tokens_details': {'reasoning_tokens': 0}, 'total_tokens': 326}",True
be9ff232-6767-4e36-b6d7-5c275986163c,reports,heldout-report-9,5089c109-a06d-4e7c-a442-20ea7e427123,jev,jev-1.13.0,ok,supported,0.99,125.73212500000955,2.3604000000000003e-05,"{'input_tokens': 562, 'output_tokens': 44}",True
5565b863-1bd6-4df9-b65d-4457b631cf5e,reports,heldout-report-10,3f3e050f-f3c4-4955-b96c-e3ed2ac43529,decisions,gpt-6-luna,ok,contradicted,1,107.61966599999869,3.19e-05,"{'input_tokens': 319, 'input_tokens_details': {'cached_tokens': 0, 'cache_write_tokens': 0}, 'output_tokens': 0, 'output_tokens_details': {'reasoning_tokens': 0}, 'total_tokens': 319}",True
5565b863-1bd6-4df9-b65d-4457b631cf5e,reports,heldout-report-10,cf820d6b-5b28-4511-bb05-f820df803b6e,jev,jev-1.13.0,ok,contradicted,1,128.35541699999885,2.3184e-05,"{'input_tokens': 552, 'output_tokens': 47}",True
5565b863-1bd6-4df9-b65d-4457b631cf5e,reports,heldout-report-10,65e903cc-6166-4869-bcb1-f80049664e0b,jev,jev-1.13.0,ok,supported,1,127.8868339999899,2.3394000000000003e-05,"{'input_tokens': 557, 'output_tokens': 44}",True
5565b863-1bd6-4df9-b65d-4457b631cf5e,reports,heldout-report-10,68570509-02a1-4f9c-8166-a0267b8da313,decisions,gpt-6-luna,ok,supported,0.96,279.97045900000376,3.24e-05,"{'input_tokens': 324, 'input_tokens_details': {'cached_tokens': 0, 'cache_write_tokens': 0}, 'output_tokens': 0, 'output_tokens_details': {'reasoning_tokens': 0}, 'total_tokens': 324}",True
5565b863-1bd6-4df9-b65d-4457b631cf5e,reports,heldout-report-10,900d04ea-8d28-4fb9-aa41-b64cdf71bf0c,jev,jev-1.13.0,ok,insufficient,1,120.9428329999937,2.3268e-05,"{'input_tokens': 554, 'output_tokens': 47}",True
5565b863-1bd6-4df9-b65d-4457b631cf5e,reports,heldout-report-10,65933ff9-90a2-4745-bb13-9dcefedb66f7,decisions,gpt-6-luna,ok,insufficient,1,142.70458299999882,3.21e-05,"{'input_tokens': 321, 'input_tokens_details': {'cached_tokens': 0, 'cache_write_tokens': 0}, 'output_tokens': 0, 'output_tokens_details': {'reasoning_tokens': 0}, 'total_tokens': 321}",True
5565b863-1bd6-4df9-b65d-4457b631cf5e,reports,heldout-report-10,1f8a5838-1200-4471-83de-4ba9036080e2,decisions,gpt-6-luna,ok,supported,0.69,123.44587500000489,3.27e-05,"{'input_tokens': 327, 'input_tokens_details': {'cached_tokens': 0, 'cache_write_tokens': 0}, 'output_tokens': 0, 'output_tokens_details': {'reasoning_tokens': 0}, 'total_tokens': 327}",True
5565b863-1bd6-4df9-b65d-4457b631cf5e,reports,heldout-report-10,4172181f-f427-44f7-9d5d-f8cb94110a7d,jev,jev-1.13.0,ok,supported,1,129.25700000001234,2.373e-05,"{'input_tokens': 565, 'output_tokens': 44}",True
5565b863-1bd6-4df9-b65d-4457b631cf5e,reports,heldout-report-10,dfacd6c0-af66-4c94-9c8d-bf9d6901b0c4,decisions,gpt-6-luna,ok,supported,0.76,160.6229170000006,3.26e-05,"{'input_tokens': 326, 'input_tokens_details': {'cached_tokens': 0, 'cache_write_tokens': 0}, 'output_tokens': 0, 'output_tokens_details': {'reasoning_tokens': 0}, 'total_tokens': 326}",True
5565b863-1bd6-4df9-b65d-4457b631cf5e,reports,heldout-report-10,52092e0d-466e-4b6b-9d1e-1efcf201e47c,jev,jev-1.13.0,ok,supported,0.98,161.69458399999712,2.3604000000000003e-05,"{'input_tokens': 562, 'output_tokens': 44}",True
e6cedab4-2fa1-4678-bf61-1a3f94603ffa,reports,heldout-report-11,163b9473-022a-44a0-b912-e3ab48c32af5,decisions,gpt-6-luna,ok,contradicted,0.86,103.3609579999902,3.27e-05,"{'input_tokens': 327, 'input_tokens_details': {'cached_tokens': 0, 'cache_write_tokens': 0}, 'output_tokens': 0, 'output_tokens_details': {'reasoning_tokens': 0}, 'total_tokens': 327}",True
e6cedab4-2fa1-4678-bf61-1a3f94603ffa,reports,heldout-report-11,28439e5e-dae1-41f4-a87a-5aac90ae28c5,jev,jev-1.13.0,ok,contradicted,1,123.27087500000198,2.3814e-05,"{'input_tokens': 567, 'output_tokens': 47}",True
e6cedab4-2fa1-4678-bf61-1a3f94603ffa,reports,heldout-report-11,382b3fce-3825-4ce1-8f6a-36a46259e278,decisions,gpt-6-luna,ok,contradicted,0.97,150.2431249999936,3.2200000000000003e-05,"{'input_tokens': 322, 'input_tokens_details': {'cached_tokens': 0, 'cache_write_tokens': 0}, 'output_tokens': 0, 'output_tokens_details': {'reasoning_tokens': 0}, 'total_tokens': 322}",True
e6cedab4-2fa1-4678-bf61-1a3f94603ffa,reports,heldout-report-11,36f86671-9921-4b6c-ba2f-6d58111c6942,jev,jev-1.13.0,ok,contradicted,1,157.5435839999991,2.3352e-05,"{'input_tokens': 556, 'output_tokens': 47}",True
e6cedab4-2fa1-4678-bf61-1a3f94603ffa,reports,heldout-report-11,9d0eca02-a777-47f9-a7ec-ac9f13f1d1c5,jev,jev-1.13.0,ok,insufficient,1,132.9332090000098,2.3310000000000002e-05,"{'input_tokens': 555, 'output_tokens': 47}",True
e6cedab4-2fa1-4678-bf61-1a3f94603ffa,reports,heldout-report-11,e9b52aad-7661-4ae8-8e7c-bd28702855d7,decisions,gpt-6-luna,ok,insufficient,1,223.78033300000243,3.21e-05,"{'input_tokens': 321, 'input_tokens_details': {'cached_tokens': 0, 'cache_write_tokens': 0}, 'output_tokens': 0, 'output_tokens_details': {'reasoning_tokens': 0}, 'total_tokens': 321}",True
e6cedab4-2fa1-4678-bf61-1a3f94603ffa,reports,heldout-report-11,71c04ed7-e5dc-4b38-a32a-dd47bab74e5e,decisions,gpt-6-luna,ok,contradicted,1,151.36050000000978,3.18e-05,"{'input_tokens': 318, 'input_tokens_details': {'cached_tokens': 0, 'cache_write_tokens': 0}, 'output_tokens': 0, 'output_tokens_details': {'reasoning_tokens': 0}, 'total_tokens': 318}",True
e6cedab4-2fa1-4678-bf61-1a3f94603ffa,reports,heldout-report-11,4fc74ba4-c05a-4ef7-848b-56c058a97368,jev,jev-1.13.0,ok,contradicted,1,152.43683299999975,2.3184e-05,"{'input_tokens': 552, 'output_tokens': 47}",True
e6cedab4-2fa1-4678-bf61-1a3f94603ffa,reports,heldout-report-11,17716065-b5c4-42b5-b8e1-ca36bf211800,jev,jev-1.13.0,ok,supported,0.9,187.19000000000233,2.3604000000000003e-05,"{'input_tokens': 562, 'output_tokens': 44}",True
e6cedab4-2fa1-4678-bf61-1a3f94603ffa,reports,heldout-report-11,d8f219fb-b65d-4543-ae5b-03d99ebb66cd,decisions,gpt-6-luna,ok,supported,0.94,187.26333300000988,3.25e-05,"{'input_tokens': 325, 'input_tokens_details': {'cached_tokens': 0, 'cache_write_tokens': 0}, 'output_tokens': 0, 'output_tokens_details': {'reasoning_tokens': 0}, 'total_tokens': 325}",True
e40504e3-ab80-45eb-a7f9-4b829d8dd3fb,reports,heldout-report-12,f2e0fd8d-83b4-4a0d-99f1-da9040831c83,jev,jev-1.13.0,ok,contradicted,1,121.05933399999049,2.3226000000000004e-05,"{'input_tokens': 553, 'output_tokens': 47}",True
e40504e3-ab80-45eb-a7f9-4b829d8dd3fb,reports,heldout-report-12,39b978e4-135b-4321-81ce-64b9950f1cbb,decisions,gpt-6-luna,ok,contradicted,1,138.7736670000013,3.2e-05,"{'input_tokens': 320, 'input_tokens_details': {'cached_tokens': 0, 'cache_write_tokens': 0}, 'output_tokens': 0, 'output_tokens_details': {'reasoning_tokens': 0}, 'total_tokens': 320}",True
e40504e3-ab80-45eb-a7f9-4b829d8dd3fb,reports,heldout-report-12,4b678eb9-3703-46d7-9154-5aa85a2e6037,decisions,gpt-6-luna,ok,supported,0.91,131.35212499999034,3.25e-05,"{'input_tokens': 325, 'input_tokens_details': {'cached_tokens': 0, 'cache_write_tokens': 0}, 'output_tokens': 0, 'output_tokens_details': {'reasoning_tokens': 0}, 'total_tokens': 325}",True
e40504e3-ab80-45eb-a7f9-4b829d8dd3fb,reports,heldout-report-12,df7b6a69-c3bc-40a4-9eb3-62032129f737,jev,jev-1.13.0,ok,supported,1,132.20629200000258,2.3436e-05,"{'input_tokens': 558, 'output_tokens': 44}",True
e40504e3-ab80-45eb-a7f9-4b829d8dd3fb,reports,heldout-report-12,a3a1a3eb-4d9d-40ea-aacc-d5e656b15ed8,decisions,gpt-6-luna,ok,insufficient,0.99,164.7951250000042,3.24e-05,"{'input_tokens': 324, 'input_tokens_details': {'cached_tokens': 0, 'cache_write_tokens': 0}, 'output_tokens': 0, 'output_tokens_details': {'reasoning_tokens': 0}, 'total_tokens': 324}",True
e40504e3-ab80-45eb-a7f9-4b829d8dd3fb,reports,heldout-report-12,656d5484-04f9-4944-b5ea-ea020864d4c1,jev,jev-1.13.0,ok,insufficient,1,167.09395900000527,2.3394000000000003e-05,"{'input_tokens': 557, 'output_tokens': 47}",True
e40504e3-ab80-45eb-a7f9-4b829d8dd3fb,reports,heldout-report-12,3099a4a5-0b0f-4844-b0bc-6ef637fc41b2,jev,jev-1.13.0,ok,supported,1,126.79387500000303,2.3814e-05,"{'input_tokens': 567, 'output_tokens': 44}",True
e40504e3-ab80-45eb-a7f9-4b829d8dd3fb,reports,heldout-report-12,a9870384-b6f9-4587-9665-26ba2d1e2e63,decisions,gpt-6-luna,ok,supported,0.99,140.4129580000008,3.29e-05,"{'input_tokens': 329, 'input_tokens_details': {'cached_tokens': 0, 'cache_write_tokens': 0}, 'output_tokens': 0, 'output_tokens_details': {'reasoning_tokens': 0}, 'total_tokens': 329}",True
e40504e3-ab80-45eb-a7f9-4b829d8dd3fb,reports,heldout-report-12,7dfa6f5d-0a94-436f-9543-4b658f3fbb55,jev,jev-1.13.0,ok,supported,0.97,123.15799999999581,2.3646e-05,"{'input_tokens': 563, 'output_tokens': 44}",True
e40504e3-ab80-45eb-a7f9-4b829d8dd3fb,reports,heldout-report-12,1fe97f23-fc6a-448e-a407-3d6ae40f3699,decisions,gpt-6-luna,ok,supported,0.88,148.59949999999662,3.27e-05,"{'input_tokens': 327, 'input_tokens_details': {'cached_tokens': 0, 'cache_write_tokens': 0}, 'output_tokens': 0, 'output_tokens_details': {'reasoning_tokens': 0}, 'total_tokens': 327}",True
994660e9-4ded-4e80-b7a1-832aa5fad5f9,reports,heldout-report-13,c45382c4-6510-450d-890b-eb71d0991c73,jev,jev-1.13.0,ok,contradicted,1,150.57891599999857,2.3562000000000002e-05,"{'input_tokens': 561, 'output_tokens': 47}",True
994660e9-4ded-4e80-b7a1-832aa5fad5f9,reports,heldout-report-13,7f210002-7519-4740-bfec-1f8982fb136e,decisions,gpt-6-luna,ok,contradicted,0.64,247.7537500000035,3.2300000000000006e-05,"{'input_tokens': 323, 'input_tokens_details': {'cached_tokens': 0, 'cache_write_tokens': 0}, 'output_tokens': 0, 'output_tokens_details': {'reasoning_tokens': 0}, 'total_tokens': 323}",True
994660e9-4ded-4e80-b7a1-832aa5fad5f9,reports,heldout-report-13,34fa253f-1900-47ac-bc46-ab6ee68de309,decisions,gpt-6-luna,ok,contradicted,0.97,111.75712500000373,3.2e-05,"{'input_tokens': 320, 'input_tokens_details': {'cached_tokens': 0, 'cache_write_tokens': 0}, 'output_tokens': 0, 'output_tokens_details': {'reasoning_tokens': 0}, 'total_tokens': 320}",True
994660e9-4ded-4e80-b7a1-832aa5fad5f9,reports,heldout-report-13,edbdcff9-9b75-4d3d-856e-3ac8dfcbb560,jev,jev-1.13.0,ok,contradicted,1,130.22500000000582,2.3226000000000004e-05,"{'input_tokens': 553, 'output_tokens': 47}",True
994660e9-4ded-4e80-b7a1-832aa5fad5f9,reports,heldout-report-13,2071d207-6a74-485f-beb6-edcf27a08423,decisions,gpt-6-luna,ok,insufficient,1,172.40725000000384,3.18e-05,"{'input_tokens': 318, 'input_tokens_details': {'cached_tokens': 0, 'cache_write_tokens': 0}, 'output_tokens': 0, 'output_tokens_details': {'reasoning_tokens': 0}, 'total_tokens': 318}",True
994660e9-4ded-4e80-b7a1-832aa5fad5f9,reports,heldout-report-13,ee91cbab-1591-4f09-91cf-3e1ce1be5f62,jev,jev-1.13.0,ok,insufficient,1,174.75024999999732,2.3142000000000003e-05,"{'input_tokens': 551, 'output_tokens': 47}",True
994660e9-4ded-4e80-b7a1-832aa5fad5f9,reports,heldout-report-13,165524f0-2f25-44a8-a1bc-189c3e1bb3bb,decisions,gpt-6-luna,ok,contradicted,0.99,128.7072909999988,3.16e-05,"{'input_tokens': 316, 'input_tokens_details': {'cached_tokens': 0, 'cache_write_tokens': 0}, 'output_tokens': 0, 'output_tokens_details': {'reasoning_tokens': 0}, 'total_tokens': 316}",True
994660e9-4ded-4e80-b7a1-832aa5fad5f9,reports,heldout-report-13,6e71031f-7999-48de-a68d-430a4093fe5e,jev,jev-1.13.0,ok,contradicted,1,166.75695799999812,2.3058e-05,"{'input_tokens': 549, 'output_tokens': 47}",True
994660e9-4ded-4e80-b7a1-832aa5fad5f9,reports,heldout-report-13,240bda5f-1105-4ce4-97e4-6345be09672c,decisions,gpt-6-luna,ok,supported,0.85,161.81866699999955,3.2300000000000006e-05,"{'input_tokens': 323, 'input_tokens_details': {'cached_tokens': 0, 'cache_write_tokens': 0}, 'output_tokens': 0, 'output_tokens_details': {'reasoning_tokens': 0}, 'total_tokens': 323}",True
994660e9-4ded-4e80-b7a1-832aa5fad5f9,reports,heldout-report-13,d85dcc75-7642-4767-a12d-0bc125ae85e3,jev,jev-1.13.0,ok,supported,0.91,162.85050000000047,2.3478e-05,"{'input_tokens': 559, 'output_tokens': 44}",True
2d289537-1217-4196-90ce-a4d5c57d3f2b,reports,heldout-report-14,86ee6a2d-bc23-4e8a-936a-a8744fdf2863,jev,jev-1.13.0,ok,contradicted,1,125.08633299999929,2.3142000000000003e-05,"{'input_tokens': 551, 'output_tokens': 47}",True
2d289537-1217-4196-90ce-a4d5c57d3f2b,reports,heldout-report-14,aad1de8f-2ded-4519-ad40-c7fcaad9f991,decisions,gpt-6-luna,ok,contradicted,0.99,144.75187500000175,3.18e-05,"{'input_tokens': 318, 'input_tokens_details': {'cached_tokens': 0, 'cache_write_tokens': 0}, 'output_tokens': 0, 'output_tokens_details': {'reasoning_tokens': 0}, 'total_tokens': 318}",True
2d289537-1217-4196-90ce-a4d5c57d3f2b,reports,heldout-report-14,853d9968-6b8b-4d52-a876-1a4253c86901,decisions,gpt-6-luna,ok,supported,0.99,114.99154199998884,3.2300000000000006e-05,"{'input_tokens': 323, 'input_tokens_details': {'cached_tokens': 0, 'cache_write_tokens': 0}, 'output_tokens': 0, 'output_tokens_details': {'reasoning_tokens': 0}, 'total_tokens': 323}",True
2d289537-1217-4196-90ce-a4d5c57d3f2b,reports,heldout-report-14,0b65d752-64f6-4fb7-8e7b-e7c51bed55e9,jev,jev-1.13.0,ok,supported,0.99,179.3813330000121,2.3352e-05,"{'input_tokens': 556, 'output_tokens': 44}",True
2d289537-1217-4196-90ce-a4d5c57d3f2b,reports,heldout-report-14,9968eef3-89dd-44a6-a613-6f0240cbbd52,jev,jev-1.13.0,ok,insufficient,1,148.76333300000988,2.3268e-05,"{'input_tokens': 554, 'output_tokens': 47}",True
2d289537-1217-4196-90ce-a4d5c57d3f2b,reports,heldout-report-14,7bb0d34a-76c5-47bc-9db4-16fdb4d3a13a,decisions,gpt-6-luna,ok,insufficient,1,192.41858300000604,3.21e-05,"{'input_tokens': 321, 'input_tokens_details': {'cached_tokens': 0, 'cache_write_tokens': 0}, 'output_tokens': 0, 'output_tokens_details': {'reasoning_tokens': 0}, 'total_tokens': 321}",True
2d289537-1217-4196-90ce-a4d5c57d3f2b,reports,heldout-report-14,5155e335-8ceb-4a53-b5ad-2ccc01210328,decisions,gpt-6-luna,ok,supported,1,186.6752919999999,3.26e-05,"{'input_tokens': 326, 'input_tokens_details': {'cached_tokens': 0, 'cache_write_tokens': 0}, 'output_tokens': 0, 'output_tokens_details': {'reasoning_tokens': 0}, 'total_tokens': 326}",True
2d289537-1217-4196-90ce-a4d5c57d3f2b,reports,heldout-report-14,557434f3-fce2-4bcd-85e2-44e7e0f74882,jev,jev-1.13.0,ok,supported,1,193.07537500000035,2.3688e-05,"{'input_tokens': 564, 'output_tokens': 44}",True
2d289537-1217-4196-90ce-a4d5c57d3f2b,reports,heldout-report-14,a9d257e1-c9e7-40ba-b784-de512b0a1920,jev,jev-1.13.0,ok,supported,0.96,173.29212500000722,2.3562000000000002e-05,"{'input_tokens': 561, 'output_tokens': 44}",True
2d289537-1217-4196-90ce-a4d5c57d3f2b,reports,heldout-report-14,be83d876-36fc-41d6-949e-9c86e55f51a5,decisions,gpt-6-luna,ok,supported,0.97,174.55633300000045,3.25e-05,"{'input_tokens': 325, 'input_tokens_details': {'cached_tokens': 0, 'cache_write_tokens': 0}, 'output_tokens': 0, 'output_tokens_details': {'reasoning_tokens': 0}, 'total_tokens': 325}",True
be6b2391-d4f5-4752-8f9c-a0188a831614,reports,heldout-report-15,f4f65f19-d3f9-49f7-8c64-e460d3493874,jev,jev-1.13.0,ok,contradicted,1,153.61583300000348,2.373e-05,"{'input_tokens': 565, 'output_tokens': 47}",True
be6b2391-d4f5-4752-8f9c-a0188a831614,reports,heldout-report-15,e23ae362-45e3-42e8-8605-888d17e39961,decisions,gpt-6-luna,ok,contradicted,0.94,153.5718329999945,3.27e-05,"{'input_tokens': 327, 'input_tokens_details': {'cached_tokens': 0, 'cache_write_tokens': 0}, 'output_tokens': 0, 'output_tokens_details': {'reasoning_tokens': 0}, 'total_tokens': 327}",True
be6b2391-d4f5-4752-8f9c-a0188a831614,reports,heldout-report-15,8292aa7b-ffdf-4bc1-ac93-01c9a32b4cdf,decisions,gpt-6-luna,ok,contradicted,0.93,121.58083399999305,3.2200000000000003e-05,"{'input_tokens': 322, 'input_tokens_details': {'cached_tokens': 0, 'cache_write_tokens': 0}, 'output_tokens': 0, 'output_tokens_details': {'reasoning_tokens': 0}, 'total_tokens': 322}",True
be6b2391-d4f5-4752-8f9c-a0188a831614,reports,heldout-report-15,277c8803-bc36-41e6-84e3-363ed3336581,jev,jev-1.13.0,ok,contradicted,1,125.86066599999322,2.3310000000000002e-05,"{'input_tokens': 555, 'output_tokens': 47}",True
be6b2391-d4f5-4752-8f9c-a0188a831614,reports,heldout-report-15,697fdfdf-ba9d-4373-b90a-1068e374f74c,decisions,gpt-6-luna,ok,insufficient,1,157.22041699998954,3.2200000000000003e-05,"{'input_tokens': 322, 'input_tokens_details': {'cached_tokens': 0, 'cache_write_tokens': 0}, 'output_tokens': 0, 'output_tokens_details': {'reasoning_tokens': 0}, 'total_tokens': 322}",True
be6b2391-d4f5-4752-8f9c-a0188a831614,reports,heldout-report-15,50c75c3f-e07b-4833-b388-0999e6f429c5,jev,jev-1.13.0,ok,insufficient,1,160.99625000001106,2.3310000000000002e-05,"{'input_tokens': 555, 'output_tokens': 47}",True
be6b2391-d4f5-4752-8f9c-a0188a831614,reports,heldout-report-15,1df3a983-4bd3-4981-9692-7a60ca755872,jev,jev-1.13.0,ok,contradicted,1,185.03504200000316,2.3142000000000003e-05,"{'input_tokens': 551, 'output_tokens': 47}",True
be6b2391-d4f5-4752-8f9c-a0188a831614,reports,heldout-report-15,3a5b1c50-2df1-4487-b155-8af03ba6d461,decisions,gpt-6-luna,ok,contradicted,0.99,186.5324169999949,3.18e-05,"{'input_tokens': 318, 'input_tokens_details': {'cached_tokens': 0, 'cache_write_tokens': 0}, 'output_tokens': 0, 'output_tokens_details': {'reasoning_tokens': 0}, 'total_tokens': 318}",True
be6b2391-d4f5-4752-8f9c-a0188a831614,reports,heldout-report-15,e819ca17-8a81-4cd0-b4bd-665f098ec392,decisions,gpt-6-luna,ok,supported,0.86,144.65499999999884,3.25e-05,"{'input_tokens': 325, 'input_tokens_details': {'cached_tokens': 0, 'cache_write_tokens': 0}, 'output_tokens': 0, 'output_tokens_details': {'reasoning_tokens': 0}, 'total_tokens': 325}",True
be6b2391-d4f5-4752-8f9c-a0188a831614,reports,heldout-report-15,4772824f-dfac-447a-b213-11e16686ecf2,jev,jev-1.13.0,ok,supported,0.98,150.768167000002,2.3562000000000002e-05,"{'input_tokens': 561, 'output_tokens': 44}",True
655f68f8-91be-4d1d-94b4-e17ee196b5ae,reports,heldout-report-16,f486bb3d-3d9f-4f60-b025-5f61f516a53f,decisions,gpt-6-luna,ok,contradicted,0.99,127.94479199999478,3.18e-05,"{'input_tokens': 318, 'input_tokens_details': {'cached_tokens': 0, 'cache_write_tokens': 0}, 'output_tokens': 0, 'output_tokens_details': {'reasoning_tokens': 0}, 'total_tokens': 318}",True
655f68f8-91be-4d1d-94b4-e17ee196b5ae,reports,heldout-report-16,aab7d980-3a88-436d-bd48-990d1201ddfb,jev,jev-1.13.0,ok,contradicted,1,130.4359170000098,2.3142000000000003e-05,"{'input_tokens': 551, 'output_tokens': 47}",True
655f68f8-91be-4d1d-94b4-e17ee196b5ae,reports,heldout-report-16,8f4ce126-f3be-42a0-a833-783e65c1a40d,jev,jev-1.13.0,ok,supported,0.99,164.2462499999965,2.3352e-05,"{'input_tokens': 556, 'output_tokens': 44}",True
655f68f8-91be-4d1d-94b4-e17ee196b5ae,reports,heldout-report-16,5dd5ffce-390c-4c6a-9a12-7acdc3426c8f,decisions,gpt-6-luna,ok,supported,0.96,164.4514160000108,3.2300000000000006e-05,"{'input_tokens': 323, 'input_tokens_details': {'cached_tokens': 0, 'cache_write_tokens': 0}, 'output_tokens': 0, 'output_tokens_details': {'reasoning_tokens': 0}, 'total_tokens': 323}",True
655f68f8-91be-4d1d-94b4-e17ee196b5ae,reports,heldout-report-16,cde287b2-fb6d-410e-b5db-73235358c363,decisions,gpt-6-luna,ok,insufficient,1,105.7757500000007,3.2e-05,"{'input_tokens': 320, 'input_tokens_details': {'cached_tokens': 0, 'cache_write_tokens': 0}, 'output_tokens': 0, 'output_tokens_details': {'reasoning_tokens': 0}, 'total_tokens': 320}",True
655f68f8-91be-4d1d-94b4-e17ee196b5ae,reports,heldout-report-16,43b68334-4670-46be-8fed-4485c063687b,jev,jev-1.13.0,ok,insufficient,1,125.80904100000043,2.3226000000000004e-05,"{'input_tokens': 553, 'output_tokens': 47}",True
655f68f8-91be-4d1d-94b4-e17ee196b5ae,reports,heldout-report-16,64be76c0-5368-4a68-adc5-cb40dde0864c,jev,jev-1.13.0,ok,supported,1,121.19583399999829,2.3688e-05,"{'input_tokens': 564, 'output_tokens': 44}",True
655f68f8-91be-4d1d-94b4-e17ee196b5ae,reports,heldout-report-16,21aaa0fd-97f4-4797-ad4b-75fed1ce16f9,decisions,gpt-6-luna,ok,supported,0.99,146.5807080000086,3.26e-05,"{'input_tokens': 326, 'input_tokens_details': {'cached_tokens': 0, 'cache_write_tokens': 0}, 'output_tokens': 0, 'output_tokens_details': {'reasoning_tokens': 0}, 'total_tokens': 326}",True
655f68f8-91be-4d1d-94b4-e17ee196b5ae,reports,heldout-report-16,5a04d7b9-0a4c-4e41-b3ec-0ea6b4c5719a,decisions,gpt-6-luna,ok,supported,0.94,148.27270899999712,3.25e-05,"{'input_tokens': 325, 'input_tokens_details': {'cached_tokens': 0, 'cache_write_tokens': 0}, 'output_tokens': 0, 'output_tokens_details': {'reasoning_tokens': 0}, 'total_tokens': 325}",True
655f68f8-91be-4d1d-94b4-e17ee196b5ae,reports,heldout-report-16,9922c838-afe4-4eab-b41b-e3cc3b8b699c,jev,jev-1.13.0,ok,supported,0.98,149.32058299999335,2.3562000000000002e-05,"{'input_tokens': 561, 'output_tokens': 44}",True
f23c02b1-c871-4f6e-ad62-41679e951379,reports,heldout-report-17,97d75015-31be-4aef-9b40-177d53e33848,decisions,gpt-6-luna,ok,contradicted,0.99,112.18358300000546,3.25e-05,"{'input_tokens': 325, 'input_tokens_details': {'cached_tokens': 0, 'cache_write_tokens': 0}, 'output_tokens': 0, 'output_tokens_details': {'reasoning_tokens': 0}, 'total_tokens': 325}",True
f23c02b1-c871-4f6e-ad62-41679e951379,reports,heldout-report-17,bacb36c4-bcb0-4d31-9b27-a3ccab050c1b,jev,jev-1.13.0,ok,contradicted,1,148.60975000000326,2.3646e-05,"{'input_tokens': 563, 'output_tokens': 47}",True
f23c02b1-c871-4f6e-ad62-41679e951379,reports,heldout-report-17,a2e80029-b68f-4434-a170-0cb528888bb6,decisions,gpt-6-luna,ok,contradicted,0.99,153.9374589999934,3.21e-05,"{'input_tokens': 321, 'input_tokens_details': {'cached_tokens': 0, 'cache_write_tokens': 0}, 'output_tokens': 0, 'output_tokens_details': {'reasoning_tokens': 0}, 'total_tokens': 321}",True
f23c02b1-c871-4f6e-ad62-41679e951379,reports,heldout-report-17,98fd4f0a-1411-49d8-b93c-1c0a679087f5,jev,jev-1.13.0,ok,contradicted,1,154.61029199999757,2.3268e-05,"{'input_tokens': 554, 'output_tokens': 47}",True
f23c02b1-c871-4f6e-ad62-41679e951379,reports,heldout-report-17,5cdee0f1-cbd7-4e1b-8ecc-4530aa1bd182,decisions,gpt-6-luna,ok,insufficient,1,102.25354199999128,3.2e-05,"{'input_tokens': 320, 'input_tokens_details': {'cached_tokens': 0, 'cache_write_tokens': 0}, 'output_tokens': 0, 'output_tokens_details': {'reasoning_tokens': 0}, 'total_tokens': 320}",True
f23c02b1-c871-4f6e-ad62-41679e951379,reports,heldout-report-17,c930e3ed-2c3a-4f22-97f3-8fdf3afdd8c8,jev,jev-1.13.0,ok,insufficient,1,187.45283400001063,2.3226000000000004e-05,"{'input_tokens': 553, 'output_tokens': 47}",True
f23c02b1-c871-4f6e-ad62-41679e951379,reports,heldout-report-17,26ed51f4-a07b-40e1-94f6-3c9a6d7996ee,decisions,gpt-6-luna,ok,contradicted,1,111.72054200001003,3.1700000000000005e-05,"{'input_tokens': 317, 'input_tokens_details': {'cached_tokens': 0, 'cache_write_tokens': 0}, 'output_tokens': 0, 'output_tokens_details': {'reasoning_tokens': 0}, 'total_tokens': 317}",True
f23c02b1-c871-4f6e-ad62-41679e951379,reports,heldout-report-17,18a4e8cd-e00a-4a03-9b97-6350accb4542,jev,jev-1.13.0,ok,contradicted,1,132.59916599999997,2.3100000000000002e-05,"{'input_tokens': 550, 'output_tokens': 47}",True
f23c02b1-c871-4f6e-ad62-41679e951379,reports,heldout-report-17,fa4e8866-9977-43fd-a971-48a98e7003ff,decisions,gpt-6-luna,ok,supported,0.89,133.37387499999022,3.24e-05,"{'input_tokens': 324, 'input_tokens_details': {'cached_tokens': 0, 'cache_write_tokens': 0}, 'output_tokens': 0, 'output_tokens_details': {'reasoning_tokens': 0}, 'total_tokens': 324}",True
f23c02b1-c871-4f6e-ad62-41679e951379,reports,heldout-report-17,0af41915-c873-43da-a1c4-c866b0cdd9ab,jev,jev-1.13.0,ok,supported,0.97,147.6620419999963,2.3520000000000002e-05,"{'input_tokens': 560, 'output_tokens': 44}",True
b897f4a7-d6a1-4642-9614-be0bcc020cee,reports,heldout-report-18,5b15124d-d43c-47a6-80e3-94004245986b,decisions,gpt-6-luna,ok,contradicted,0.99,163.96425000000454,3.19e-05,"{'input_tokens': 319, 'input_tokens_details': {'cached_tokens': 0, 'cache_write_tokens': 0}, 'output_tokens': 0, 'output_tokens_details': {'reasoning_tokens': 0}, 'total_tokens': 319}",True
b897f4a7-d6a1-4642-9614-be0bcc020cee,reports,heldout-report-18,87de3577-4d6f-4213-a068-896e0f6a69b5,jev,jev-1.13.0,ok,contradicted,1,164.78679099999135,2.3226000000000004e-05,"{'input_tokens': 553, 'output_tokens': 47}",True
b897f4a7-d6a1-4642-9614-be0bcc020cee,reports,heldout-report-18,a5fc08fb-e547-413d-974b-b6c4ee51207f,decisions,gpt-6-luna,ok,supported,0.97,122.97141700000793,3.24e-05,"{'input_tokens': 324, 'input_tokens_details': {'cached_tokens': 0, 'cache_write_tokens': 0}, 'output_tokens': 0, 'output_tokens_details': {'reasoning_tokens': 0}, 'total_tokens': 324}",True
b897f4a7-d6a1-4642-9614-be0bcc020cee,reports,heldout-report-18,1077d3d8-6e81-46fc-b9cd-d4701aff72ae,jev,jev-1.13.0,ok,supported,0.99,141.18383399999584,2.3436e-05,"{'input_tokens': 558, 'output_tokens': 44}",True
b897f4a7-d6a1-4642-9614-be0bcc020cee,reports,heldout-report-18,894b274e-c1a9-446e-9486-9a1b5ca587d3,decisions,gpt-6-luna,ok,insufficient,0.99,115.95587499999965,3.2300000000000006e-05,"{'input_tokens': 323, 'input_tokens_details': {'cached_tokens': 0, 'cache_write_tokens': 0}, 'output_tokens': 0, 'output_tokens_details': {'reasoning_tokens': 0}, 'total_tokens': 323}",True
b897f4a7-d6a1-4642-9614-be0bcc020cee,reports,heldout-report-18,94fc8128-3f1c-4848-9649-f3e8239e6f1d,jev,jev-1.13.0,ok,insufficient,1,147.45870899999863,2.3394000000000003e-05,"{'input_tokens': 557, 'output_tokens': 47}",True
b897f4a7-d6a1-4642-9614-be0bcc020cee,reports,heldout-report-18,664d4785-4db8-427c-ac48-8139516095c2,decisions,gpt-6-luna,ok,supported,0.76,151.78650000000198,3.27e-05,"{'input_tokens': 327, 'input_tokens_details': {'cached_tokens': 0, 'cache_write_tokens': 0}, 'output_tokens': 0, 'output_tokens_details': {'reasoning_tokens': 0}, 'total_tokens': 327}",True
b897f4a7-d6a1-4642-9614-be0bcc020cee,reports,heldout-report-18,20313860-6956-40b0-b03f-5fe28f2c3141,jev,jev-1.13.0,ok,supported,1,186.67591600000742,2.3814e-05,"{'input_tokens': 567, 'output_tokens': 44}",True
b897f4a7-d6a1-4642-9614-be0bcc020cee,reports,heldout-report-18,56ecbb1d-b942-473a-a9fb-cc37b14625ea,jev,jev-1.13.0,ok,supported,0.99,124.66537500001141,2.3646e-05,"{'input_tokens': 563, 'output_tokens': 44}",True
b897f4a7-d6a1-4642-9614-be0bcc020cee,reports,heldout-report-18,636122ad-ccfc-4626-adcd-6b530b4f7ef1,decisions,gpt-6-luna,ok,supported,0.79,183.38837500000955,3.26e-05,"{'input_tokens': 326, 'input_tokens_details': {'cached_tokens': 0, 'cache_write_tokens': 0}, 'output_tokens': 0, 'output_tokens_details': {'reasoning_tokens': 0}, 'total_tokens': 326}",True
c8f49e97-85d4-4080-8e77-d3e79df02686,reports,heldout-report-19,3fff1122-02e4-4034-94fe-ec79a79bc5f9,decisions,gpt-6-luna,ok,contradicted,0.82,136.6240839999955,3.27e-05,"{'input_tokens': 327, 'input_tokens_details': {'cached_tokens': 0, 'cache_write_tokens': 0}, 'output_tokens': 0, 'output_tokens_details': {'reasoning_tokens': 0}, 'total_tokens': 327}",True
c8f49e97-85d4-4080-8e77-d3e79df02686,reports,heldout-report-19,5fd52e1f-0179-4e4a-b9a1-5bd09ca0d2f9,jev,jev-1.13.0,ok,contradicted,1,234.84033399999316,2.3814e-05,"{'input_tokens': 567, 'output_tokens': 47}",True
c8f49e97-85d4-4080-8e77-d3e79df02686,reports,heldout-report-19,074e0b9f-fdc3-476e-ab52-9da6840f5448,decisions,gpt-6-luna,ok,contradicted,0.96,100.63895900000352,3.2300000000000006e-05,"{'input_tokens': 323, 'input_tokens_details': {'cached_tokens': 0, 'cache_write_tokens': 0}, 'output_tokens': 0, 'output_tokens_details': {'reasoning_tokens': 0}, 'total_tokens': 323}",True
c8f49e97-85d4-4080-8e77-d3e79df02686,reports,heldout-report-19,06dd286b-2612-4134-acbd-b37b5fb81b86,jev,jev-1.13.0,ok,contradicted,1,142.73945800001093,2.3394000000000003e-05,"{'input_tokens': 557, 'output_tokens': 47}",True
c8f49e97-85d4-4080-8e77-d3e79df02686,reports,heldout-report-19,acd24251-b66e-427c-ac8e-35a0e684e0ea,decisions,gpt-6-luna,ok,insufficient,1,134.64041700000234,3.21e-05,"{'input_tokens': 321, 'input_tokens_details': {'cached_tokens': 0, 'cache_write_tokens': 0}, 'output_tokens': 0, 'output_tokens_details': {'reasoning_tokens': 0}, 'total_tokens': 321}",True
c8f49e97-85d4-4080-8e77-d3e79df02686,reports,heldout-report-19,087999ff-d215-4c82-86fb-9836e43a2cd7,jev,jev-1.13.0,ok,insufficient,1,193.8226250000007,2.3310000000000002e-05,"{'input_tokens': 555, 'output_tokens': 47}",True
c8f49e97-85d4-4080-8e77-d3e79df02686,reports,heldout-report-19,8f3a9926-5f0e-4e33-b3d9-0615a1c090f2,decisions,gpt-6-luna,ok,contradicted,0.99,116.41583299999184,3.19e-05,"{'input_tokens': 319, 'input_tokens_details': {'cached_tokens': 0, 'cache_write_tokens': 0}, 'output_tokens': 0, 'output_tokens_details': {'reasoning_tokens': 0}, 'total_tokens': 319}",True
c8f49e97-85d4-4080-8e77-d3e79df02686,reports,heldout-report-19,d14e9ef6-ab47-4762-9122-9172c0b13e71,jev,jev-1.13.0,ok,contradicted,1,129.07300000000396,2.3226000000000004e-05,"{'input_tokens': 553, 'output_tokens': 47}",True
c8f49e97-85d4-4080-8e77-d3e79df02686,reports,heldout-report-19,244da9f9-194d-4a97-8119-61635eb70069,decisions,gpt-6-luna,ok,supported,0.86,99.69529200000397,3.26e-05,"{'input_tokens': 326, 'input_tokens_details': {'cached_tokens': 0, 'cache_write_tokens': 0}, 'output_tokens': 0, 'output_tokens_details': {'reasoning_tokens': 0}, 'total_tokens': 326}",True
c8f49e97-85d4-4080-8e77-d3e79df02686,reports,heldout-report-19,a21fce3b-cd35-4980-b3aa-209d38b42fe5,jev,jev-1.13.0,ok,supported,0.99,148.0054999999993,2.3646e-05,"{'input_tokens': 563, 'output_tokens': 44}",True
b27ce574-4797-4bbd-98f8-ca505f6c33ad,reports,heldout-report-20,d40f8e54-2581-4ce6-ac36-ac110b8aa516,decisions,gpt-6-luna,ok,contradicted,1,117.90462499999558,3.1700000000000005e-05,"{'input_tokens': 317, 'input_tokens_details': {'cached_tokens': 0, 'cache_write_tokens': 0}, 'output_tokens': 0, 'output_tokens_details': {'reasoning_tokens': 0}, 'total_tokens': 317}",True
b27ce574-4797-4bbd-98f8-ca505f6c33ad,reports,heldout-report-20,c1749655-f537-4b39-9677-f628f122b455,jev,jev-1.13.0,ok,contradicted,1,306.0355000000127,2.3100000000000002e-05,"{'input_tokens': 550, 'output_tokens': 47}",True
b27ce574-4797-4bbd-98f8-ca505f6c33ad,reports,heldout-report-20,059dad2c-d79d-4b85-8e06-ff16628890d6,decisions,gpt-6-luna,ok,supported,0.97,119.57079100000556,3.2200000000000003e-05,"{'input_tokens': 322, 'input_tokens_details': {'cached_tokens': 0, 'cache_write_tokens': 0}, 'output_tokens': 0, 'output_tokens_details': {'reasoning_tokens': 0}, 'total_tokens': 322}",True
b27ce574-4797-4bbd-98f8-ca505f6c33ad,reports,heldout-report-20,b33b8127-d7d3-4b96-a9e6-31051668a043,jev,jev-1.13.0,ok,supported,0.99,133.78695799999696,2.3310000000000002e-05,"{'input_tokens': 555, 'output_tokens': 44}",True
b27ce574-4797-4bbd-98f8-ca505f6c33ad,reports,heldout-report-20,a81f4e0b-9b64-4e94-94b2-04d7ce06f5a7,jev,jev-1.13.0,ok,insufficient,1,156.74858300000778,2.3226000000000004e-05,"{'input_tokens': 553, 'output_tokens': 47}",True
b27ce574-4797-4bbd-98f8-ca505f6c33ad,reports,heldout-report-20,00b67732-abbf-4140-8592-e3441727ebf3,decisions,gpt-6-luna,ok,insufficient,1,157.22141700000793,3.2e-05,"{'input_tokens': 320, 'input_tokens_details': {'cached_tokens': 0, 'cache_write_tokens': 0}, 'output_tokens': 0, 'output_tokens_details': {'reasoning_tokens': 0}, 'total_tokens': 320}",True
b27ce574-4797-4bbd-98f8-ca505f6c33ad,reports,heldout-report-20,24882e7a-b2b7-4aae-9c76-6b5e1b12e7d0,decisions,gpt-6-luna,ok,supported,0.93,107.565042000002,3.24e-05,"{'input_tokens': 324, 'input_tokens_details': {'cached_tokens': 0, 'cache_write_tokens': 0}, 'output_tokens': 0, 'output_tokens_details': {'reasoning_tokens': 0}, 'total_tokens': 324}",True
b27ce574-4797-4bbd-98f8-ca505f6c33ad,reports,heldout-report-20,d7bcbe14-81a0-41ec-aafb-dad433d38e0b,jev,jev-1.13.0,ok,supported,1,189.6477079999895,2.3604000000000003e-05,"{'input_tokens': 562, 'output_tokens': 44}",True
b27ce574-4797-4bbd-98f8-ca505f6c33ad,reports,heldout-report-20,ec2a1808-6b97-4e89-91d7-34a1edfbd592,decisions,gpt-6-luna,ok,supported,0.94,127.46900000001187,3.24e-05,"{'input_tokens': 324, 'input_tokens_details': {'cached_tokens': 0, 'cache_write_tokens': 0}, 'output_tokens': 0, 'output_tokens_details': {'reasoning_tokens': 0}, 'total_tokens': 324}",True
b27ce574-4797-4bbd-98f8-ca505f6c33ad,reports,heldout-report-20,969fe288-20bb-4166-8669-555611d56b75,jev,jev-1.13.0,ok,supported,0.98,144.97745900000155,2.3520000000000002e-05,"{'input_tokens': 560, 'output_tokens': 44}",True
197b7d64-08d4-49ab-8863-a4217af4857f,reports,heldout-report-21,d1579b14-f3e1-4f8c-9c46-001cf9e4248f,decisions,gpt-6-luna,ok,contradicted,0.76,138.0233339999977,3.29e-05,"{'input_tokens': 329, 'input_tokens_details': {'cached_tokens': 0, 'cache_write_tokens': 0}, 'output_tokens': 0, 'output_tokens_details': {'reasoning_tokens': 0}, 'total_tokens': 329}",True
197b7d64-08d4-49ab-8863-a4217af4857f,reports,heldout-report-21,da2eb137-effc-49dc-b4f5-7b59b44dafc9,jev,jev-1.13.0,ok,contradicted,1,139.18108400001074,2.3898000000000004e-05,"{'input_tokens': 569, 'output_tokens': 47}",True
197b7d64-08d4-49ab-8863-a4217af4857f,reports,heldout-report-21,1c29c1f1-0e35-49fd-ad6a-74305e55816d,decisions,gpt-6-luna,ok,contradicted,0.96,164.77129199999035,3.24e-05,"{'input_tokens': 324, 'input_tokens_details': {'cached_tokens': 0, 'cache_write_tokens': 0}, 'output_tokens': 0, 'output_tokens_details': {'reasoning_tokens': 0}, 'total_tokens': 324}",True
197b7d64-08d4-49ab-8863-a4217af4857f,reports,heldout-report-21,260280dd-7c68-4b53-ab36-f6bdcd6a0825,jev,jev-1.13.0,ok,contradicted,1,165.68858299999556,2.3436e-05,"{'input_tokens': 558, 'output_tokens': 47}",True
197b7d64-08d4-49ab-8863-a4217af4857f,reports,heldout-report-21,19689ae3-d295-4082-b0cb-1dc35b851458,decisions,gpt-6-luna,ok,insufficient,1,100.84525000001304,3.24e-05,"{'input_tokens': 324, 'input_tokens_details': {'cached_tokens': 0, 'cache_write_tokens': 0}, 'output_tokens': 0, 'output_tokens_details': {'reasoning_tokens': 0}, 'total_tokens': 324}",True
197b7d64-08d4-49ab-8863-a4217af4857f,reports,heldout-report-21,754105af-d4ec-45f4-b707-8efcc7390ee2,jev,jev-1.13.0,ok,insufficient,1,126.12145799999416,2.3436e-05,"{'input_tokens': 558, 'output_tokens': 47}",True
197b7d64-08d4-49ab-8863-a4217af4857f,reports,heldout-report-21,802469d4-a0d2-42e3-91c1-369bb155fb80,jev,jev-1.13.0,ok,contradicted,1,153.10062499999185,2.3268e-05,"{'input_tokens': 554, 'output_tokens': 47}",True
197b7d64-08d4-49ab-8863-a4217af4857f,reports,heldout-report-21,c5adb48f-bf48-4575-97df-16ba9a3cef8f,decisions,gpt-6-luna,ok,contradicted,1,162.20891700001084,3.2e-05,"{'input_tokens': 320, 'input_tokens_details': {'cached_tokens': 0, 'cache_write_tokens': 0}, 'output_tokens': 0, 'output_tokens_details': {'reasoning_tokens': 0}, 'total_tokens': 320}",True
197b7d64-08d4-49ab-8863-a4217af4857f,reports,heldout-report-21,185cf0c9-60c2-4014-9bba-908fcf42a085,jev,jev-1.13.0,ok,supported,0.97,133.10629099998914,2.3688e-05,"{'input_tokens': 564, 'output_tokens': 44}",True
197b7d64-08d4-49ab-8863-a4217af4857f,reports,heldout-report-21,44623507-11aa-45e7-9630-6cc32de9659f,decisions,gpt-6-luna,ok,supported,0.74,165.23654100000567,3.27e-05,"{'input_tokens': 327, 'input_tokens_details': {'cached_tokens': 0, 'cache_write_tokens': 0}, 'output_tokens': 0, 'output_tokens_details': {'reasoning_tokens': 0}, 'total_tokens': 327}",True
f94095ad-e68d-45e8-9a5b-b8bc90fd40b0,reports,heldout-report-22,f54aabf5-0dd3-4c4e-8dd9-3f314d0ed614,decisions,gpt-6-luna,ok,contradicted,1,198.27666699999827,3.18e-05,"{'input_tokens': 318, 'input_tokens_details': {'cached_tokens': 0, 'cache_write_tokens': 0}, 'output_tokens': 0, 'output_tokens_details': {'reasoning_tokens': 0}, 'total_tokens': 318}",True
f94095ad-e68d-45e8-9a5b-b8bc90fd40b0,reports,heldout-report-22,8bb9fca9-f8aa-4659-9c60-628d6be139c2,jev,jev-1.13.0,ok,contradicted,1,199.4172499999986,2.3142000000000003e-05,"{'input_tokens': 551, 'output_tokens': 47}",True
f94095ad-e68d-45e8-9a5b-b8bc90fd40b0,reports,heldout-report-22,566248c2-fec9-42bc-9236-661de8b08751,decisions,gpt-6-luna,ok,supported,0.97,178.00545799999963,3.2300000000000006e-05,"{'input_tokens': 323, 'input_tokens_details': {'cached_tokens': 0, 'cache_write_tokens': 0}, 'output_tokens': 0, 'output_tokens_details': {'reasoning_tokens': 0}, 'total_tokens': 323}",True
f94095ad-e68d-45e8-9a5b-b8bc90fd40b0,reports,heldout-report-22,43872365-e262-4bc2-9ae9-1e384847627a,jev,jev-1.13.0,ok,supported,0.99,179.0193750000035,2.3352e-05,"{'input_tokens': 556, 'output_tokens': 44}",True
f94095ad-e68d-45e8-9a5b-b8bc90fd40b0,reports,heldout-report-22,20c004e1-aa6d-4a76-a3ea-892e77c42fd6,decisions,gpt-6-luna,ok,insufficient,1,113.41095799999312,3.2e-05,"{'input_tokens': 320, 'input_tokens_details': {'cached_tokens': 0, 'cache_write_tokens': 0}, 'output_tokens': 0, 'output_tokens_details': {'reasoning_tokens': 0}, 'total_tokens': 320}",True
f94095ad-e68d-45e8-9a5b-b8bc90fd40b0,reports,heldout-report-22,5b73cefb-fa47-4898-aa09-8475b091b0cf,jev,jev-1.13.0,ok,insufficient,1,147.59095800000068,2.3226000000000004e-05,"{'input_tokens': 553, 'output_tokens': 47}",True
f94095ad-e68d-45e8-9a5b-b8bc90fd40b0,reports,heldout-report-22,9acc65fb-2cc7-4fd3-8b70-0bc029de3a04,decisions,gpt-6-luna,ok,supported,0.99,131.37470799998846,3.26e-05,"{'input_tokens': 326, 'input_tokens_details': {'cached_tokens': 0, 'cache_write_tokens': 0}, 'output_tokens': 0, 'output_tokens_details': {'reasoning_tokens': 0}, 'total_tokens': 326}",True
f94095ad-e68d-45e8-9a5b-b8bc90fd40b0,reports,heldout-report-22,4f105ea1-cc6c-448e-b1c0-33e89e6f6cbf,jev,jev-1.13.0,ok,supported,1,134.52916599999298,2.3688e-05,"{'input_tokens': 564, 'output_tokens': 44}",True
f94095ad-e68d-45e8-9a5b-b8bc90fd40b0,reports,heldout-report-22,058fbf50-bb8d-44e1-a2a3-adf72b8e9808,jev,jev-1.13.0,ok,supported,0.99,170.9737909999967,2.3562000000000002e-05,"{'input_tokens': 561, 'output_tokens': 44}",True
f94095ad-e68d-45e8-9a5b-b8bc90fd40b0,reports,heldout-report-22,5f3ec149-4f9d-4749-aaee-32daf333bd7f,decisions,gpt-6-luna,ok,supported,0.91,171.41962500000955,3.25e-05,"{'input_tokens': 325, 'input_tokens_details': {'cached_tokens': 0, 'cache_write_tokens': 0}, 'output_tokens': 0, 'output_tokens_details': {'reasoning_tokens': 0}, 'total_tokens': 325}",True
a4c9a792-3339-44fc-be68-82596ddf7c9a,reports,heldout-report-23,84064d35-99e1-4a39-a187-67abce71a6e3,decisions,gpt-6-luna,ok,contradicted,0.82,119.09558299998753,3.27e-05,"{'input_tokens': 327, 'input_tokens_details': {'cached_tokens': 0, 'cache_write_tokens': 0}, 'output_tokens': 0, 'output_tokens_details': {'reasoning_tokens': 0}, 'total_tokens': 327}",True
a4c9a792-3339-44fc-be68-82596ddf7c9a,reports,heldout-report-23,f1754317-16a8-42a7-b715-e73b49048535,jev,jev-1.13.0,ok,contradicted,1,135.86116699999548,2.373e-05,"{'input_tokens': 565, 'output_tokens': 47}",True
a4c9a792-3339-44fc-be68-82596ddf7c9a,reports,heldout-report-23,16d45e3d-700e-4ddc-a464-8e25370ae253,jev,jev-1.13.0,ok,contradicted,1,144.18420800000604,2.3352e-05,"{'input_tokens': 556, 'output_tokens': 47}",True
a4c9a792-3339-44fc-be68-82596ddf7c9a,reports,heldout-report-23,3deeec8b-7cfb-4cd8-8f47-cfb5d8869547,decisions,gpt-6-luna,ok,contradicted,0.93,159.4345420000027,3.2300000000000006e-05,"{'input_tokens': 323, 'input_tokens_details': {'cached_tokens': 0, 'cache_write_tokens': 0}, 'output_tokens': 0, 'output_tokens_details': {'reasoning_tokens': 0}, 'total_tokens': 323}",True
a4c9a792-3339-44fc-be68-82596ddf7c9a,reports,heldout-report-23,670f58e7-2624-41bf-b183-39925a95c694,decisions,gpt-6-luna,ok,insufficient,1,142.3458329999994,3.2200000000000003e-05,"{'input_tokens': 322, 'input_tokens_details': {'cached_tokens': 0, 'cache_write_tokens': 0}, 'output_tokens': 0, 'output_tokens_details': {'reasoning_tokens': 0}, 'total_tokens': 322}",True
a4c9a792-3339-44fc-be68-82596ddf7c9a,reports,heldout-report-23,4f9d03e0-2382-4007-a3a7-6b4b79005596,jev,jev-1.13.0,ok,insufficient,1,170.9355829999986,2.3310000000000002e-05,"{'input_tokens': 555, 'output_tokens': 47}",True
a4c9a792-3339-44fc-be68-82596ddf7c9a,reports,heldout-report-23,990ce4cf-7037-4ade-ab53-d2c0ea29325f,decisions,gpt-6-luna,ok,contradicted,1,147.5770829999965,3.19e-05,"{'input_tokens': 319, 'input_tokens_details': {'cached_tokens': 0, 'cache_write_tokens': 0}, 'output_tokens': 0, 'output_tokens_details': {'reasoning_tokens': 0}, 'total_tokens': 319}",True
a4c9a792-3339-44fc-be68-82596ddf7c9a,reports,heldout-report-23,900c1b28-6ef0-4994-b5aa-d5cd8d7d5961,jev,jev-1.13.0,ok,contradicted,1,171.80599999999686,2.3184e-05,"{'input_tokens': 552, 'output_tokens': 47}",True
a4c9a792-3339-44fc-be68-82596ddf7c9a,reports,heldout-report-23,3d325e76-0b26-413c-a994-56d56a0d2b8c,decisions,gpt-6-luna,ok,supported,0.7,142.45270799999707,3.26e-05,"{'input_tokens': 326, 'input_tokens_details': {'cached_tokens': 0, 'cache_write_tokens': 0}, 'output_tokens': 0, 'output_tokens_details': {'reasoning_tokens': 0}, 'total_tokens': 326}",True
a4c9a792-3339-44fc-be68-82596ddf7c9a,reports,heldout-report-23,e2de0bd2-e0de-4bcf-bacf-fda97f14063f,jev,jev-1.13.0,ok,supported,0.98,239.6982080000016,2.3604000000000003e-05,"{'input_tokens': 562, 'output_tokens': 44}",True
6d96e3e1-051d-4e8f-b7e0-63ec888cf2da,reports,heldout-report-24,e87426ec-f1a4-4c10-9d42-dd2371e95b1a,decisions,gpt-6-luna,ok,contradicted,1,115.37766699999338,3.2e-05,"{'input_tokens': 320, 'input_tokens_details': {'cached_tokens': 0, 'cache_write_tokens': 0}, 'output_tokens': 0, 'output_tokens_details': {'reasoning_tokens': 0}, 'total_tokens': 320}",True
6d96e3e1-051d-4e8f-b7e0-63ec888cf2da,reports,heldout-report-24,cd29301b-43d9-4a46-8d9e-d4abed56dd27,jev,jev-1.13.0,ok,contradicted,1,183.86166700000467,2.3226000000000004e-05,"{'input_tokens': 553, 'output_tokens': 47}",True
6d96e3e1-051d-4e8f-b7e0-63ec888cf2da,reports,heldout-report-24,0845b79b-77d0-4805-9899-557b08320c27,decisions,gpt-6-luna,ok,supported,0.99,162.75541699999303,3.25e-05,"{'input_tokens': 325, 'input_tokens_details': {'cached_tokens': 0, 'cache_write_tokens': 0}, 'output_tokens': 0, 'output_tokens_details': {'reasoning_tokens': 0}, 'total_tokens': 325}",True
6d96e3e1-051d-4e8f-b7e0-63ec888cf2da,reports,heldout-report-24,3c8505b9-3d9e-421b-90cc-ae61547e9b43,jev,jev-1.13.0,ok,supported,0.99,256.2299590000039,2.3436e-05,"{'input_tokens': 558, 'output_tokens': 44}",True
6d96e3e1-051d-4e8f-b7e0-63ec888cf2da,reports,heldout-report-24,3abfa326-07a7-4955-ada1-52bb3b603b42,decisions,gpt-6-luna,ok,insufficient,0.99,120.68875000000116,3.24e-05,"{'input_tokens': 324, 'input_tokens_details': {'cached_tokens': 0, 'cache_write_tokens': 0}, 'output_tokens': 0, 'output_tokens_details': {'reasoning_tokens': 0}, 'total_tokens': 324}",True
6d96e3e1-051d-4e8f-b7e0-63ec888cf2da,reports,heldout-report-24,9985ceb0-cdf8-4dd3-8fa7-c25b88ab8e7b,jev,jev-1.13.0,ok,insufficient,1,146.96270899999945,2.3394000000000003e-05,"{'input_tokens': 557, 'output_tokens': 47}",True
6d96e3e1-051d-4e8f-b7e0-63ec888cf2da,reports,heldout-report-24,3c839b1e-906f-4238-b861-fac9d91190d1,decisions,gpt-6-luna,ok,supported,0.76,159.38770799999475,3.29e-05,"{'input_tokens': 329, 'input_tokens_details': {'cached_tokens': 0, 'cache_write_tokens': 0}, 'output_tokens': 0, 'output_tokens_details': {'reasoning_tokens': 0}, 'total_tokens': 329}",True
6d96e3e1-051d-4e8f-b7e0-63ec888cf2da,reports,heldout-report-24,39c22cc5-0a7c-43ed-9515-9f3cb7b58b2f,jev,jev-1.13.0,ok,supported,1,172.8905839999934,2.3814e-05,"{'input_tokens': 567, 'output_tokens': 44}",True
6d96e3e1-051d-4e8f-b7e0-63ec888cf2da,reports,heldout-report-24,2d80cb33-10f1-46b6-ba10-387d9ef32e87,decisions,gpt-6-luna,ok,supported,0.82,153.2252909999952,3.27e-05,"{'input_tokens': 327, 'input_tokens_details': {'cached_tokens': 0, 'cache_write_tokens': 0}, 'output_tokens': 0, 'output_tokens_details': {'reasoning_tokens': 0}, 'total_tokens': 327}",True
6d96e3e1-051d-4e8f-b7e0-63ec888cf2da,reports,heldout-report-24,692ac298-53d8-4c0f-a9d4-f5304e6e78d5,jev,jev-1.13.0,ok,supported,0.97,154.3576669999893,2.3646e-05,"{'input_tokens': 563, 'output_tokens': 44}",True
e48424cd-d444-4c44-b1f9-ecab6a18898d,reports,heldout-report-25,503b2ab9-40d4-495c-94e6-8575944631dd,decisions,gpt-6-luna,ok,contradicted,0.82,98.03716700000223,3.29e-05,"{'input_tokens': 329, 'input_tokens_details': {'cached_tokens': 0, 'cache_write_tokens': 0}, 'output_tokens': 0, 'output_tokens_details': {'reasoning_tokens': 0}, 'total_tokens': 329}",True
e48424cd-d444-4c44-b1f9-ecab6a18898d,reports,heldout-report-25,76b55954-11d8-4b58-9649-e68cde5da67a,jev,jev-1.13.0,ok,contradicted,1,129.4615000000049,2.3814e-05,"{'input_tokens': 567, 'output_tokens': 47}",True
e48424cd-d444-4c44-b1f9-ecab6a18898d,reports,heldout-report-25,5529c141-2b8f-4730-88bc-13cf1913138b,decisions,gpt-6-luna,ok,contradicted,0.8,141.25054100000125,3.24e-05,"{'input_tokens': 324, 'input_tokens_details': {'cached_tokens': 0, 'cache_write_tokens': 0}, 'output_tokens': 0, 'output_tokens_details': {'reasoning_tokens': 0}, 'total_tokens': 324}",True
e48424cd-d444-4c44-b1f9-ecab6a18898d,reports,heldout-report-25,c15b8b87-3491-4c47-99bb-4bc89d9e0899,jev,jev-1.13.0,ok,contradicted,1,172.82833399999072,2.3394000000000003e-05,"{'input_tokens': 557, 'output_tokens': 47}",True
e48424cd-d444-4c44-b1f9-ecab6a18898d,reports,heldout-report-25,302f5f33-9cba-40c8-823f-d9e18e094c0f,decisions,gpt-6-luna,ok,insufficient,1,142.86358400000609,3.2200000000000003e-05,"{'input_tokens': 322, 'input_tokens_details': {'cached_tokens': 0, 'cache_write_tokens': 0}, 'output_tokens': 0, 'output_tokens_details': {'reasoning_tokens': 0}, 'total_tokens': 322}",True
e48424cd-d444-4c44-b1f9-ecab6a18898d,reports,heldout-report-25,05ceea9a-bec2-440b-8b08-2b58c475770e,jev,jev-1.13.0,ok,insufficient,1,181.74175000000105,2.3310000000000002e-05,"{'input_tokens': 555, 'output_tokens': 47}",True
e48424cd-d444-4c44-b1f9-ecab6a18898d,reports,heldout-report-25,e2b95a0d-d558-4485-8de1-5268227be69f,jev,jev-1.13.0,ok,contradicted,1,143.5667500000127,2.3226000000000004e-05,"{'input_tokens': 553, 'output_tokens': 47}",True
e48424cd-d444-4c44-b1f9-ecab6a18898d,reports,heldout-report-25,980184a3-7280-4891-bb90-c163a7c7426d,decisions,gpt-6-luna,ok,contradicted,1,147.1852910000016,3.2e-05,"{'input_tokens': 320, 'input_tokens_details': {'cached_tokens': 0, 'cache_write_tokens': 0}, 'output_tokens': 0, 'output_tokens_details': {'reasoning_tokens': 0}, 'total_tokens': 320}",True
e48424cd-d444-4c44-b1f9-ecab6a18898d,reports,heldout-report-25,6b6f4ffa-ffe5-4075-a909-be9434176e94,decisions,gpt-6-luna,ok,supported,0.85,115.72358399999212,3.27e-05,"{'input_tokens': 327, 'input_tokens_details': {'cached_tokens': 0, 'cache_write_tokens': 0}, 'output_tokens': 0, 'output_tokens_details': {'reasoning_tokens': 0}, 'total_tokens': 327}",True
e48424cd-d444-4c44-b1f9-ecab6a18898d,reports,heldout-report-25,99f49c8b-b305-4772-86ca-bcd7551f01be,jev,jev-1.13.0,ok,supported,0.98,127.95320799999172,2.3646e-05,"{'input_tokens': 563, 'output_tokens': 44}",True
c8d68046-aa0a-4167-9b47-44182ec4fc35,reports,heldout-report-26,51983e70-d5ad-4476-9a03-db8a79aa6ff7,jev,jev-1.13.0,ok,contradicted,1,136.1681249999965,2.3226000000000004e-05,"{'input_tokens': 553, 'output_tokens': 47}",True
c8d68046-aa0a-4167-9b47-44182ec4fc35,reports,heldout-report-26,70d10581-7676-4e1b-81b9-a93e3c6ef5d6,decisions,gpt-6-luna,ok,contradicted,1,147.49425000000338,3.2e-05,"{'input_tokens': 320, 'input_tokens_details': {'cached_tokens': 0, 'cache_write_tokens': 0}, 'output_tokens': 0, 'output_tokens_details': {'reasoning_tokens': 0}, 'total_tokens': 320}",True
c8d68046-aa0a-4167-9b47-44182ec4fc35,reports,heldout-report-26,d1632189-0f37-4f44-b1f2-04739e5398e9,decisions,gpt-6-luna,ok,supported,0.96,120.36079099999915,3.25e-05,"{'input_tokens': 325, 'input_tokens_details': {'cached_tokens': 0, 'cache_write_tokens': 0}, 'output_tokens': 0, 'output_tokens_details': {'reasoning_tokens': 0}, 'total_tokens': 325}",True
c8d68046-aa0a-4167-9b47-44182ec4fc35,reports,heldout-report-26,3ffe6fd2-8454-4ad4-9335-8400094fa5f5,jev,jev-1.13.0,ok,supported,0.99,265.6953749999957,2.3436e-05,"{'input_tokens': 558, 'output_tokens': 44}",True
c8d68046-aa0a-4167-9b47-44182ec4fc35,reports,heldout-report-26,bfebdff4-ab02-4528-9d39-c4e120c2c4c0,decisions,gpt-6-luna,ok,insufficient,1,191.82533300000068,3.2300000000000006e-05,"{'input_tokens': 323, 'input_tokens_details': {'cached_tokens': 0, 'cache_write_tokens': 0}, 'output_tokens': 0, 'output_tokens_details': {'reasoning_tokens': 0}, 'total_tokens': 323}",True
c8d68046-aa0a-4167-9b47-44182ec4fc35,reports,heldout-report-26,3064c98c-470b-4c0d-8d4e-93ab806d03cb,jev,jev-1.13.0,ok,insufficient,1,192.846292000002,2.3352e-05,"{'input_tokens': 556, 'output_tokens': 47}",True
c8d68046-aa0a-4167-9b47-44182ec4fc35,reports,heldout-report-26,4e97617d-3eae-4607-99a2-728ac8acd5d6,decisions,gpt-6-luna,ok,supported,0.85,172.99749999999767,3.29e-05,"{'input_tokens': 329, 'input_tokens_details': {'cached_tokens': 0, 'cache_write_tokens': 0}, 'output_tokens': 0, 'output_tokens_details': {'reasoning_tokens': 0}, 'total_tokens': 329}",True
c8d68046-aa0a-4167-9b47-44182ec4fc35,reports,heldout-report-26,e54b35b8-2920-4411-b197-ecb2b0b5c744,jev,jev-1.13.0,ok,supported,1,179.2320000000036,2.3814e-05,"{'input_tokens': 567, 'output_tokens': 44}",True
c8d68046-aa0a-4167-9b47-44182ec4fc35,reports,heldout-report-26,120ec315-4fb2-4601-ad4e-b9abbb1a91f1,jev,jev-1.13.0,ok,supported,0.95,124.83299999999872,2.3646e-05,"{'input_tokens': 563, 'output_tokens': 44}",True
c8d68046-aa0a-4167-9b47-44182ec4fc35,reports,heldout-report-26,b520a7bf-e44d-4387-bca9-ae60d6cf06f5,decisions,gpt-6-luna,ok,supported,0.77,138.32737500000803,3.27e-05,"{'input_tokens': 327, 'input_tokens_details': {'cached_tokens': 0, 'cache_write_tokens': 0}, 'output_tokens': 0, 'output_tokens_details': {'reasoning_tokens': 0}, 'total_tokens': 327}",True
57149ff3-4a62-4629-bdbe-e18b3ddd1599,reports,heldout-report-27,002b9070-04a5-42ea-9b96-818bd50f24f5,jev,jev-1.13.0,ok,contradicted,1,131.8003330000065,2.373e-05,"{'input_tokens': 565, 'output_tokens': 47}",True
57149ff3-4a62-4629-bdbe-e18b3ddd1599,reports,heldout-report-27,c5476bb1-494f-44c8-91ea-0e8301ff91a6,decisions,gpt-6-luna,ok,contradicted,0.93,148.70683299998927,3.27e-05,"{'input_tokens': 327, 'input_tokens_details': {'cached_tokens': 0, 'cache_write_tokens': 0}, 'output_tokens': 0, 'output_tokens_details': {'reasoning_tokens': 0}, 'total_tokens': 327}",True
57149ff3-4a62-4629-bdbe-e18b3ddd1599,reports,heldout-report-27,adcd1b9b-6ba9-4a3a-b4e9-c66cbeb4d9e9,decisions,gpt-6-luna,ok,contradicted,0.94,122.15766699999222,3.2200000000000003e-05,"{'input_tokens': 322, 'input_tokens_details': {'cached_tokens': 0, 'cache_write_tokens': 0}, 'output_tokens': 0, 'output_tokens_details': {'reasoning_tokens': 0}, 'total_tokens': 322}",True
57149ff3-4a62-4629-bdbe-e18b3ddd1599,reports,heldout-report-27,e9d10251-669b-40cd-91b7-9b803f4c4f37,jev,jev-1.13.0,ok,contradicted,1,136.76112500000454,2.3310000000000002e-05,"{'input_tokens': 555, 'output_tokens': 47}",True
57149ff3-4a62-4629-bdbe-e18b3ddd1599,reports,heldout-report-27,367a5271-0abb-4e45-8f08-c1a6de5832ca,jev,jev-1.13.0,ok,insufficient,1,141.97841699999117,2.3310000000000002e-05,"{'input_tokens': 555, 'output_tokens': 47}",True
57149ff3-4a62-4629-bdbe-e18b3ddd1599,reports,heldout-report-27,b9a3c8d6-a421-49ad-a963-cf907aae2deb,decisions,gpt-6-luna,ok,insufficient,1,311.21554200000537,3.2200000000000003e-05,"{'input_tokens': 322, 'input_tokens_details': {'cached_tokens': 0, 'cache_write_tokens': 0}, 'output_tokens': 0, 'output_tokens_details': {'reasoning_tokens': 0}, 'total_tokens': 322}",True
57149ff3-4a62-4629-bdbe-e18b3ddd1599,reports,heldout-report-27,a029997e-71e1-4440-b813-56d72c2558b1,decisions,gpt-6-luna,ok,contradicted,1,98.75279199999932,3.18e-05,"{'input_tokens': 318, 'input_tokens_details': {'cached_tokens': 0, 'cache_write_tokens': 0}, 'output_tokens': 0, 'output_tokens_details': {'reasoning_tokens': 0}, 'total_tokens': 318}",True
57149ff3-4a62-4629-bdbe-e18b3ddd1599,reports,heldout-report-27,fb4c9ad3-0030-462a-86fa-07126eb30504,jev,jev-1.13.0,ok,contradicted,1,126.75295800001186,2.3142000000000003e-05,"{'input_tokens': 551, 'output_tokens': 47}",True
57149ff3-4a62-4629-bdbe-e18b3ddd1599,reports,heldout-report-27,1d652fe0-2f78-431a-86a4-5e100e02c0a3,jev,jev-1.13.0,ok,supported,0.94,153.8126670000056,2.3562000000000002e-05,"{'input_tokens': 561, 'output_tokens': 44}",True
57149ff3-4a62-4629-bdbe-e18b3ddd1599,reports,heldout-report-27,39d8beae-62f4-4686-8174-960bef071e31,decisions,gpt-6-luna,ok,supported,0.94,157.1974169999885,3.25e-05,"{'input_tokens': 325, 'input_tokens_details': {'cached_tokens': 0, 'cache_write_tokens': 0}, 'output_tokens': 0, 'output_tokens_details': {'reasoning_tokens': 0}, 'total_tokens': 325}",True
44acda6c-df7f-4342-99db-a60aacb5de1d,reports,heldout-report-28,e08f67da-5069-4589-b246-b6647213be78,decisions,gpt-6-luna,ok,contradicted,1,102.99591599999985,3.1700000000000005e-05,"{'input_tokens': 317, 'input_tokens_details': {'cached_tokens': 0, 'cache_write_tokens': 0}, 'output_tokens': 0, 'output_tokens_details': {'reasoning_tokens': 0}, 'total_tokens': 317}",True
44acda6c-df7f-4342-99db-a60aacb5de1d,reports,heldout-report-28,030a4830-fbb6-481e-a294-6938dce775a9,jev,jev-1.13.0,ok,contradicted,1,182.24695900001097,2.3142000000000003e-05,"{'input_tokens': 551, 'output_tokens': 47}",True
44acda6c-df7f-4342-99db-a60aacb5de1d,reports,heldout-report-28,182798ff-bbe5-4e0e-9f4d-542834c92d89,decisions,gpt-6-luna,ok,supported,0.88,112.03737500001444,3.2200000000000003e-05,"{'input_tokens': 322, 'input_tokens_details': {'cached_tokens': 0, 'cache_write_tokens': 0}, 'output_tokens': 0, 'output_tokens_details': {'reasoning_tokens': 0}, 'total_tokens': 322}",True
44acda6c-df7f-4342-99db-a60aacb5de1d,reports,heldout-report-28,d4067b18-4533-4b05-bbdb-0a7b2aba4b82,jev,jev-1.13.0,ok,supported,0.99,142.28079200000502,2.3352e-05,"{'input_tokens': 556, 'output_tokens': 44}",True
44acda6c-df7f-4342-99db-a60aacb5de1d,reports,heldout-report-28,71b532c5-b5ed-4fa7-b209-42ec341c3ba6,decisions,gpt-6-luna,ok,insufficient,1,131.32925000000978,3.19e-05,"{'input_tokens': 319, 'input_tokens_details': {'cached_tokens': 0, 'cache_write_tokens': 0}, 'output_tokens': 0, 'output_tokens_details': {'reasoning_tokens': 0}, 'total_tokens': 319}",True
44acda6c-df7f-4342-99db-a60aacb5de1d,reports,heldout-report-28,3147cac4-fc7f-4966-92c4-d68520ed2b77,jev,jev-1.13.0,ok,insufficient,1,156.1471670000028,2.3226000000000004e-05,"{'input_tokens': 553, 'output_tokens': 47}",True
44acda6c-df7f-4342-99db-a60aacb5de1d,reports,heldout-report-28,1ca0ecd3-99a9-4aa9-ad40-cf455d504d49,decisions,gpt-6-luna,ok,supported,0.99,166.799417000002,3.24e-05,"{'input_tokens': 324, 'input_tokens_details': {'cached_tokens': 0, 'cache_write_tokens': 0}, 'output_tokens': 0, 'output_tokens_details': {'reasoning_tokens': 0}, 'total_tokens': 324}",True
44acda6c-df7f-4342-99db-a60aacb5de1d,reports,heldout-report-28,54228d1c-dc2b-433d-93bf-52553b3e3702,jev,jev-1.13.0,ok,supported,1,167.58824999998615,2.3688e-05,"{'input_tokens': 564, 'output_tokens': 44}",True
44acda6c-df7f-4342-99db-a60aacb5de1d,reports,heldout-report-28,3cb8eee0-36ca-4643-9e1b-efde06841c22,decisions,gpt-6-luna,ok,supported,0.94,133.77566699999443,3.24e-05,"{'input_tokens': 324, 'input_tokens_details': {'cached_tokens': 0, 'cache_write_tokens': 0}, 'output_tokens': 0, 'output_tokens_details': {'reasoning_tokens': 0}, 'total_tokens': 324}",True
44acda6c-df7f-4342-99db-a60aacb5de1d,reports,heldout-report-28,e44b3a89-848c-40d4-b8ab-73243cdb2ccf,jev,jev-1.13.0,ok,supported,0.96,134.29866699999548,2.3562000000000002e-05,"{'input_tokens': 561, 'output_tokens': 44}",True
1e603c4d-7bd4-4b3f-8e05-69fd98424c28,reports,heldout-report-29,891c6245-abba-4062-a1d2-5807a3d67ac7,jev,jev-1.13.0,ok,contradicted,1,120.02195900000515,2.3772000000000002e-05,"{'input_tokens': 566, 'output_tokens': 47}",True
1e603c4d-7bd4-4b3f-8e05-69fd98424c28,reports,heldout-report-29,c301e691-bf92-49d6-95a9-62234ca1da4e,decisions,gpt-6-luna,ok,contradicted,0.85,147.81187499999942,3.26e-05,"{'input_tokens': 326, 'input_tokens_details': {'cached_tokens': 0, 'cache_write_tokens': 0}, 'output_tokens': 0, 'output_tokens_details': {'reasoning_tokens': 0}, 'total_tokens': 326}",True
1e603c4d-7bd4-4b3f-8e05-69fd98424c28,reports,heldout-report-29,7560cb46-1667-46be-bd59-a0d798a30074,decisions,gpt-6-luna,ok,contradicted,0.99,151.93154200000572,3.2200000000000003e-05,"{'input_tokens': 322, 'input_tokens_details': {'cached_tokens': 0, 'cache_write_tokens': 0}, 'output_tokens': 0, 'output_tokens_details': {'reasoning_tokens': 0}, 'total_tokens': 322}",True
1e603c4d-7bd4-4b3f-8e05-69fd98424c28,reports,heldout-report-29,85dc018b-5a51-48cf-afb7-135ccb06d064,jev,jev-1.13.0,ok,contradicted,1,153.120207999993,2.3352e-05,"{'input_tokens': 556, 'output_tokens': 47}",True
1e603c4d-7bd4-4b3f-8e05-69fd98424c28,reports,heldout-report-29,ce646f20-4b11-4238-bee8-30027cb00b08,decisions,gpt-6-luna,ok,insufficient,1,102.87141600000905,3.21e-05,"{'input_tokens': 321, 'input_tokens_details': {'cached_tokens': 0, 'cache_write_tokens': 0}, 'output_tokens': 0, 'output_tokens_details': {'reasoning_tokens': 0}, 'total_tokens': 321}",True
1e603c4d-7bd4-4b3f-8e05-69fd98424c28,reports,heldout-report-29,31663268-9211-4c09-804e-9d72cd30d08c,jev,jev-1.13.0,ok,insufficient,1,129.46758299999055,2.3310000000000002e-05,"{'input_tokens': 555, 'output_tokens': 47}",True
1e603c4d-7bd4-4b3f-8e05-69fd98424c28,reports,heldout-report-29,b20498a5-5672-4f0a-969b-1f648691540b,decisions,gpt-6-luna,ok,contradicted,1,155.8899589999928,3.18e-05,"{'input_tokens': 318, 'input_tokens_details': {'cached_tokens': 0, 'cache_write_tokens': 0}, 'output_tokens': 0, 'output_tokens_details': {'reasoning_tokens': 0}, 'total_tokens': 318}",True
1e603c4d-7bd4-4b3f-8e05-69fd98424c28,reports,heldout-report-29,24d16456-4dfd-415e-9a1b-5fdfce8f8ca0,jev,jev-1.13.0,ok,contradicted,1,157.8197499999951,2.3184e-05,"{'input_tokens': 552, 'output_tokens': 47}",True
1e603c4d-7bd4-4b3f-8e05-69fd98424c28,reports,heldout-report-29,1a71d771-cace-4229-b33f-57549372eba1,decisions,gpt-6-luna,ok,supported,0.8,188.5825829999958,3.25e-05,"{'input_tokens': 325, 'input_tokens_details': {'cached_tokens': 0, 'cache_write_tokens': 0}, 'output_tokens': 0, 'output_tokens_details': {'reasoning_tokens': 0}, 'total_tokens': 325}",True
1e603c4d-7bd4-4b3f-8e05-69fd98424c28,reports,heldout-report-29,e9aaec44-31fe-47c5-a35b-97f33782778c,jev,jev-1.13.0,ok,supported,0.97,189.25274999999965,2.3604000000000003e-05,"{'input_tokens': 562, 'output_tokens': 44}",True
b0a91701-7645-4b23-a84d-e070f7cc4dc5,reports,heldout-report-30,421dbd58-d385-47a6-a01c-79f1e643dfe6,jev,jev-1.13.0,ok,contradicted,1,123.99854200000118,2.3058e-05,"{'input_tokens': 549, 'output_tokens': 47}",True
b0a91701-7645-4b23-a84d-e070f7cc4dc5,reports,heldout-report-30,0ec04c97-f49a-4037-8879-ccb25f8c068a,decisions,gpt-6-luna,ok,contradicted,1,195.8252499999944,3.16e-05,"{'input_tokens': 316, 'input_tokens_details': {'cached_tokens': 0, 'cache_write_tokens': 0}, 'output_tokens': 0, 'output_tokens_details': {'reasoning_tokens': 0}, 'total_tokens': 316}",True
b0a91701-7645-4b23-a84d-e070f7cc4dc5,reports,heldout-report-30,cc9e26a4-f1d9-45eb-a212-c99f57a7a4cd,decisions,gpt-6-luna,ok,supported,0.96,104.26466699999582,3.21e-05,"{'input_tokens': 321, 'input_tokens_details': {'cached_tokens': 0, 'cache_write_tokens': 0}, 'output_tokens': 0, 'output_tokens_details': {'reasoning_tokens': 0}, 'total_tokens': 321}",True
b0a91701-7645-4b23-a84d-e070f7cc4dc5,reports,heldout-report-30,22506e48-a686-4ec8-bded-bf4f852e625f,jev,jev-1.13.0,ok,supported,0.99,132.25333300000057,2.3268e-05,"{'input_tokens': 554, 'output_tokens': 44}",True
b0a91701-7645-4b23-a84d-e070f7cc4dc5,reports,heldout-report-30,611fb0ec-f8f8-480a-b300-4db3d0d68b74,decisions,gpt-6-luna,ok,insufficient,0.99,123.79816600000777,3.2e-05,"{'input_tokens': 320, 'input_tokens_details': {'cached_tokens': 0, 'cache_write_tokens': 0}, 'output_tokens': 0, 'output_tokens_details': {'reasoning_tokens': 0}, 'total_tokens': 320}",True
b0a91701-7645-4b23-a84d-e070f7cc4dc5,reports,heldout-report-30,a4ed3116-5157-4eee-991c-f15482faca7d,jev,jev-1.13.0,ok,insufficient,1,162.61116700001003,2.3226000000000004e-05,"{'input_tokens': 553, 'output_tokens': 47}",True
b0a91701-7645-4b23-a84d-e070f7cc4dc5,reports,heldout-report-30,358fd2cf-3135-4f18-a74e-244ae044ed0c,decisions,gpt-6-luna,ok,supported,0.99,114.12024999999267,3.2300000000000006e-05,"{'input_tokens': 323, 'input_tokens_details': {'cached_tokens': 0, 'cache_write_tokens': 0}, 'output_tokens': 0, 'output_tokens_details': {'reasoning_tokens': 0}, 'total_tokens': 323}",True
b0a91701-7645-4b23-a84d-e070f7cc4dc5,reports,heldout-report-30,5936b78a-fa4d-4172-a7d2-f0df1425d6be,jev,jev-1.13.0,ok,supported,1,124.80766700000095,2.3562000000000002e-05,"{'input_tokens': 561, 'output_tokens': 44}",True
b0a91701-7645-4b23-a84d-e070f7cc4dc5,reports,heldout-report-30,cd0948dd-f3fe-4383-8759-2f918c97f934,decisions,gpt-6-luna,ok,supported,0.77,194.29025000000547,3.2300000000000006e-05,"{'input_tokens': 323, 'input_tokens_details': {'cached_tokens': 0, 'cache_write_tokens': 0}, 'output_tokens': 0, 'output_tokens_details': {'reasoning_tokens': 0}, 'total_tokens': 323}",True
b0a91701-7645-4b23-a84d-e070f7cc4dc5,reports,heldout-report-30,2900aa4a-581a-4eb0-8e3e-cbcfd399505a,jev,jev-1.13.0,ok,supported,0.98,268.2897499999963,2.3478e-05,"{'input_tokens': 559, 'output_tokens': 44}",True
285812b5-b19b-4fdc-8b65-da92aa5192db,reports,heldout-report-31,c3a625df-6499-40db-a02d-8f1e1c1d2e54,jev,jev-1.13.0,ok,contradicted,1,130.68612500000745,2.3814e-05,"{'input_tokens': 567, 'output_tokens': 47}",True
285812b5-b19b-4fdc-8b65-da92aa5192db,reports,heldout-report-31,c615700f-e73e-46c1-aa04-b78bc078abe9,decisions,gpt-6-luna,ok,contradicted,0.96,138.36108400000376,3.27e-05,"{'input_tokens': 327, 'input_tokens_details': {'cached_tokens': 0, 'cache_write_tokens': 0}, 'output_tokens': 0, 'output_tokens_details': {'reasoning_tokens': 0}, 'total_tokens': 327}",True
285812b5-b19b-4fdc-8b65-da92aa5192db,reports,heldout-report-31,5aa10a37-3ee9-490c-9717-5552e6bea96a,decisions,gpt-6-luna,ok,contradicted,0.99,126.85899999999674,3.2200000000000003e-05,"{'input_tokens': 322, 'input_tokens_details': {'cached_tokens': 0, 'cache_write_tokens': 0}, 'output_tokens': 0, 'output_tokens_details': {'reasoning_tokens': 0}, 'total_tokens': 322}",True
285812b5-b19b-4fdc-8b65-da92aa5192db,reports,heldout-report-31,b5ec59e5-437a-4de7-b620-68e499080b67,jev,jev-1.13.0,ok,contradicted,1,130.74387500000012,2.3352e-05,"{'input_tokens': 556, 'output_tokens': 47}",True
285812b5-b19b-4fdc-8b65-da92aa5192db,reports,heldout-report-31,48165a8b-f943-498d-afd0-8745f473e504,decisions,gpt-6-luna,ok,insufficient,1,145.5580830000108,3.2e-05,"{'input_tokens': 320, 'input_tokens_details': {'cached_tokens': 0, 'cache_write_tokens': 0}, 'output_tokens': 0, 'output_tokens_details': {'reasoning_tokens': 0}, 'total_tokens': 320}",True
285812b5-b19b-4fdc-8b65-da92aa5192db,reports,heldout-report-31,7d97d1fd-58d0-4c59-97e6-38ba183d6165,jev,jev-1.13.0,ok,insufficient,1,148.1057499999879,2.3268e-05,"{'input_tokens': 554, 'output_tokens': 47}",True
285812b5-b19b-4fdc-8b65-da92aa5192db,reports,heldout-report-31,4040616d-e62b-4fa4-94ff-23bcb773f7ee,decisions,gpt-6-luna,ok,contradicted,1,102.71070899999177,3.18e-05,"{'input_tokens': 318, 'input_tokens_details': {'cached_tokens': 0, 'cache_write_tokens': 0}, 'output_tokens': 0, 'output_tokens_details': {'reasoning_tokens': 0}, 'total_tokens': 318}",True
285812b5-b19b-4fdc-8b65-da92aa5192db,reports,heldout-report-31,aedf78fd-ff70-46c4-90b6-f2033ca64492,jev,jev-1.13.0,ok,contradicted,1,124.81512500000827,2.3184e-05,"{'input_tokens': 552, 'output_tokens': 47}",True
285812b5-b19b-4fdc-8b65-da92aa5192db,reports,heldout-report-31,6828a080-9824-4f2a-93a2-04e8d0ea6f73,decisions,gpt-6-luna,ok,supported,0.83,135.1369999999879,3.25e-05,"{'input_tokens': 325, 'input_tokens_details': {'cached_tokens': 0, 'cache_write_tokens': 0}, 'output_tokens': 0, 'output_tokens_details': {'reasoning_tokens': 0}, 'total_tokens': 325}",True
285812b5-b19b-4fdc-8b65-da92aa5192db,reports,heldout-report-31,23ffe016-f4c8-47e6-80c9-3431792d92ea,jev,jev-1.13.0,ok,supported,0.96,136.77633399999468,2.3604000000000003e-05,"{'input_tokens': 562, 'output_tokens': 44}",True
a8c801e0-b869-4378-982b-fe71d6f7de9c,reports,heldout-report-32,a0e2888b-05f0-425a-8edb-58f659b959a9,jev,jev-1.13.0,ok,contradicted,1,163.03100000000268,2.3226000000000004e-05,"{'input_tokens': 553, 'output_tokens': 47}",True
a8c801e0-b869-4378-982b-fe71d6f7de9c,reports,heldout-report-32,86258afc-8a2d-4086-8b8c-74462db28305,decisions,gpt-6-luna,ok,contradicted,1,164.47791699999652,3.2e-05,"{'input_tokens': 320, 'input_tokens_details': {'cached_tokens': 0, 'cache_write_tokens': 0}, 'output_tokens': 0, 'output_tokens_details': {'reasoning_tokens': 0}, 'total_tokens': 320}",True
a8c801e0-b869-4378-982b-fe71d6f7de9c,reports,heldout-report-32,a85b9dbc-1aae-4ebf-97af-0f553bd27146,jev,jev-1.13.0,ok,supported,0.99,143.61566599999787,2.3436e-05,"{'input_tokens': 558, 'output_tokens': 44}",True
a8c801e0-b869-4378-982b-fe71d6f7de9c,reports,heldout-report-32,9c2db5fe-2760-4513-86a1-b07193f94908,decisions,gpt-6-luna,ok,supported,0.93,155.3622919999907,3.25e-05,"{'input_tokens': 325, 'input_tokens_details': {'cached_tokens': 0, 'cache_write_tokens': 0}, 'output_tokens': 0, 'output_tokens_details': {'reasoning_tokens': 0}, 'total_tokens': 325}",True
a8c801e0-b869-4378-982b-fe71d6f7de9c,reports,heldout-report-32,5ba097b3-306b-48e8-a266-87be54b02bb7,decisions,gpt-6-luna,ok,insufficient,1,136.42112499999348,3.2300000000000006e-05,"{'input_tokens': 323, 'input_tokens_details': {'cached_tokens': 0, 'cache_write_tokens': 0}, 'output_tokens': 0, 'output_tokens_details': {'reasoning_tokens': 0}, 'total_tokens': 323}",True
a8c801e0-b869-4378-982b-fe71d6f7de9c,reports,heldout-report-32,f7a3fe41-79a6-4df4-9bd7-c6d0b226227a,jev,jev-1.13.0,ok,insufficient,1,144.61275000000023,2.3352e-05,"{'input_tokens': 556, 'output_tokens': 47}",True
a8c801e0-b869-4378-982b-fe71d6f7de9c,reports,heldout-report-32,189d88c6-9d63-4cef-8c8d-190c7c16d89e,decisions,gpt-6-luna,ok,supported,0.83,147.47200000000885,3.29e-05,"{'input_tokens': 329, 'input_tokens_details': {'cached_tokens': 0, 'cache_write_tokens': 0}, 'output_tokens': 0, 'output_tokens_details': {'reasoning_tokens': 0}, 'total_tokens': 329}",True
a8c801e0-b869-4378-982b-fe71d6f7de9c,reports,heldout-report-32,3a9ed271-2b56-4f0e-ae5f-2b68a53331d8,jev,jev-1.13.0,ok,supported,1,164.62774999999965,2.3814e-05,"{'input_tokens': 567, 'output_tokens': 44}",True
a8c801e0-b869-4378-982b-fe71d6f7de9c,reports,heldout-report-32,8830cc21-04e9-45a3-a189-12f203f640f0,decisions,gpt-6-luna,ok,supported,0.51,111.49683399999049,3.27e-05,"{'input_tokens': 327, 'input_tokens_details': {'cached_tokens': 0, 'cache_write_tokens': 0}, 'output_tokens': 0, 'output_tokens_details': {'reasoning_tokens': 0}, 'total_tokens': 327}",True
a8c801e0-b869-4378-982b-fe71d6f7de9c,reports,heldout-report-32,d4906dfd-4d2b-439c-8d4b-656d0ff48d94,jev,jev-1.13.0,ok,supported,0.98,136.35325000000012,2.3646e-05,"{'input_tokens': 563, 'output_tokens': 44}",True
71b18914-3bd5-4672-b536-d73f10d60a29,reports,heldout-report-33,3ad2d48a-80d1-478e-8a2b-cb608f18f0dc,jev,jev-1.13.0,ok,contradicted,1,123.90779100000509,2.373e-05,"{'input_tokens': 565, 'output_tokens': 47}",True
71b18914-3bd5-4672-b536-d73f10d60a29,reports,heldout-report-33,96f6ad6a-e2e0-471c-947d-cf40cc5531fc,decisions,gpt-6-luna,ok,contradicted,0.77,141.09599999999045,3.27e-05,"{'input_tokens': 327, 'input_tokens_details': {'cached_tokens': 0, 'cache_write_tokens': 0}, 'output_tokens': 0, 'output_tokens_details': {'reasoning_tokens': 0}, 'total_tokens': 327}",True
71b18914-3bd5-4672-b536-d73f10d60a29,reports,heldout-report-33,2bb85adb-5ff9-4359-8264-17ae0d62599d,decisions,gpt-6-luna,ok,contradicted,0.89,136.3921249999985,3.2300000000000006e-05,"{'input_tokens': 323, 'input_tokens_details': {'cached_tokens': 0, 'cache_write_tokens': 0}, 'output_tokens': 0, 'output_tokens_details': {'reasoning_tokens': 0}, 'total_tokens': 323}",True
71b18914-3bd5-4672-b536-d73f10d60a29,reports,heldout-report-33,0878dbf3-00ed-42a7-8b0b-4edcf824416a,jev,jev-1.13.0,ok,contradicted,1,151.32370799999626,2.3352e-05,"{'input_tokens': 556, 'output_tokens': 47}",True
71b18914-3bd5-4672-b536-d73f10d60a29,reports,heldout-report-33,18cdbd01-2b45-4174-853e-dd1f66d5a3a2,jev,jev-1.13.0,ok,insufficient,1,146.43812500000058,2.3352e-05,"{'input_tokens': 556, 'output_tokens': 47}",True
71b18914-3bd5-4672-b536-d73f10d60a29,reports,heldout-report-33,a9148b1b-e4d0-4554-be3a-33c1e6bc1a26,decisions,gpt-6-luna,ok,insufficient,1,148.28016700000444,3.2300000000000006e-05,"{'input_tokens': 323, 'input_tokens_details': {'cached_tokens': 0, 'cache_write_tokens': 0}, 'output_tokens': 0, 'output_tokens_details': {'reasoning_tokens': 0}, 'total_tokens': 323}",True
71b18914-3bd5-4672-b536-d73f10d60a29,reports,heldout-report-33,feb787f5-9ff2-471b-bd18-c91489083bd1,jev,jev-1.13.0,ok,contradicted,1,141.90645799999766,2.3184e-05,"{'input_tokens': 552, 'output_tokens': 47}",True
71b18914-3bd5-4672-b536-d73f10d60a29,reports,heldout-report-33,42086b97-3921-4281-9a10-d5c6bff6293d,decisions,gpt-6-luna,ok,contradicted,0.99,153.07320900000923,3.19e-05,"{'input_tokens': 319, 'input_tokens_details': {'cached_tokens': 0, 'cache_write_tokens': 0}, 'output_tokens': 0, 'output_tokens_details': {'reasoning_tokens': 0}, 'total_tokens': 319}",True
71b18914-3bd5-4672-b536-d73f10d60a29,reports,heldout-report-33,22a24a03-89d0-41e8-a117-bd056dfb106a,decisions,gpt-6-luna,ok,supported,0.82,147.92662499999278,3.26e-05,"{'input_tokens': 326, 'input_tokens_details': {'cached_tokens': 0, 'cache_write_tokens': 0}, 'output_tokens': 0, 'output_tokens_details': {'reasoning_tokens': 0}, 'total_tokens': 326}",True
71b18914-3bd5-4672-b536-d73f10d60a29,reports,heldout-report-33,2d2cb084-5d3f-4318-9d0b-7c6a19a7f92c,jev,jev-1.13.0,ok,supported,0.98,149.2373329999973,2.3604000000000003e-05,"{'input_tokens': 562, 'output_tokens': 44}",True
02874700-2929-4415-a363-4ea87e5089d0,reports,heldout-report-34,ee6aed10-0cd2-405c-ad7f-a39ec89d9f5c,decisions,gpt-6-luna,ok,contradicted,1,113.09691600000951,3.18e-05,"{'input_tokens': 318, 'input_tokens_details': {'cached_tokens': 0, 'cache_write_tokens': 0}, 'output_tokens': 0, 'output_tokens_details': {'reasoning_tokens': 0}, 'total_tokens': 318}",True
02874700-2929-4415-a363-4ea87e5089d0,reports,heldout-report-34,baf65325-b00b-4230-b91a-bc0154106364,jev,jev-1.13.0,ok,contradicted,1,159.21950000000652,2.3142000000000003e-05,"{'input_tokens': 551, 'output_tokens': 47}",True
02874700-2929-4415-a363-4ea87e5089d0,reports,heldout-report-34,417bbd91-1259-48ae-87da-bccb6ef7c3e1,decisions,gpt-6-luna,ok,supported,0.97,141.0824580000044,3.2300000000000006e-05,"{'input_tokens': 323, 'input_tokens_details': {'cached_tokens': 0, 'cache_write_tokens': 0}, 'output_tokens': 0, 'output_tokens_details': {'reasoning_tokens': 0}, 'total_tokens': 323}",True
02874700-2929-4415-a363-4ea87e5089d0,reports,heldout-report-34,79f63570-1ec6-448e-b099-c50beaebc028,jev,jev-1.13.0,ok,supported,0.99,142.42129100000602,2.3352e-05,"{'input_tokens': 556, 'output_tokens': 44}",True
02874700-2929-4415-a363-4ea87e5089d0,reports,heldout-report-34,06a132bb-371e-4e5c-a69d-4920f093c05e,decisions,gpt-6-luna,ok,insufficient,1,98.00091699999757,3.2e-05,"{'input_tokens': 320, 'input_tokens_details': {'cached_tokens': 0, 'cache_write_tokens': 0}, 'output_tokens': 0, 'output_tokens_details': {'reasoning_tokens': 0}, 'total_tokens': 320}",True
02874700-2929-4415-a363-4ea87e5089d0,reports,heldout-report-34,845b086e-2650-448f-aae7-78b43b4745c4,jev,jev-1.13.0,ok,insufficient,1,176.47154199999932,2.3226000000000004e-05,"{'input_tokens': 553, 'output_tokens': 47}",True
02874700-2929-4415-a363-4ea87e5089d0,reports,heldout-report-34,da82e483-0013-418d-b76a-f4427eda676a,decisions,gpt-6-luna,ok,supported,0.99,100.30970800000068,3.26e-05,"{'input_tokens': 326, 'input_tokens_details': {'cached_tokens': 0, 'cache_write_tokens': 0}, 'output_tokens': 0, 'output_tokens_details': {'reasoning_tokens': 0}, 'total_tokens': 326}",True
02874700-2929-4415-a363-4ea87e5089d0,reports,heldout-report-34,e65d5e96-a680-4567-bac8-916b02f0108e,jev,jev-1.13.0,ok,supported,1,128.56050000000687,2.3688e-05,"{'input_tokens': 564, 'output_tokens': 44}",True
02874700-2929-4415-a363-4ea87e5089d0,reports,heldout-report-34,0a44970d-fa90-40ff-82a0-ab633b733699,decisions,gpt-6-luna,ok,supported,0.88,124.04445799998939,3.25e-05,"{'input_tokens': 325, 'input_tokens_details': {'cached_tokens': 0, 'cache_write_tokens': 0}, 'output_tokens': 0, 'output_tokens_details': {'reasoning_tokens': 0}, 'total_tokens': 325}",True
02874700-2929-4415-a363-4ea87e5089d0,reports,heldout-report-34,cda89f82-6ae9-405d-bdbf-7d0c977c59b4,jev,jev-1.13.0,ok,supported,0.99,140.50129100000777,2.3562000000000002e-05,"{'input_tokens': 561, 'output_tokens': 44}",True
01bc6e1e-a679-45e6-b0c1-e0ad999f06a2,reports,heldout-report-35,ac504468-2bd7-4e33-a188-86aa14261af9,decisions,gpt-6-luna,ok,contradicted,0.97,155.29491700000654,3.25e-05,"{'input_tokens': 325, 'input_tokens_details': {'cached_tokens': 0, 'cache_write_tokens': 0}, 'output_tokens': 0, 'output_tokens_details': {'reasoning_tokens': 0}, 'total_tokens': 325}",True
01bc6e1e-a679-45e6-b0c1-e0ad999f06a2,reports,heldout-report-35,18cc0b7f-5ea2-4187-917b-86c275cd7510,jev,jev-1.13.0,ok,contradicted,1,156.26954199999454,2.3646e-05,"{'input_tokens': 563, 'output_tokens': 47}",True
01bc6e1e-a679-45e6-b0c1-e0ad999f06a2,reports,heldout-report-35,de909ecc-b03c-4893-974c-cc282f470355,decisions,gpt-6-luna,ok,contradicted,0.97,137.50887499999953,3.21e-05,"{'input_tokens': 321, 'input_tokens_details': {'cached_tokens': 0, 'cache_write_tokens': 0}, 'output_tokens': 0, 'output_tokens_details': {'reasoning_tokens': 0}, 'total_tokens': 321}",True
01bc6e1e-a679-45e6-b0c1-e0ad999f06a2,reports,heldout-report-35,0909f18e-db21-46f5-95b4-10d93cb3e842,jev,jev-1.13.0,ok,contradicted,1,176.02433299999393,2.3268e-05,"{'input_tokens': 554, 'output_tokens': 47}",True
01bc6e1e-a679-45e6-b0c1-e0ad999f06a2,reports,heldout-report-35,005ff784-02c2-4e44-97c7-75c391c9da86,decisions,gpt-6-luna,ok,insufficient,1,136.24416600000404,3.2e-05,"{'input_tokens': 320, 'input_tokens_details': {'cached_tokens': 0, 'cache_write_tokens': 0}, 'output_tokens': 0, 'output_tokens_details': {'reasoning_tokens': 0}, 'total_tokens': 320}",True
01bc6e1e-a679-45e6-b0c1-e0ad999f06a2,reports,heldout-report-35,fbb9c6f0-404e-484d-8882-a3f218e282cf,jev,jev-1.13.0,ok,insufficient,1,187.26987499999814,2.3226000000000004e-05,"{'input_tokens': 553, 'output_tokens': 47}",True
01bc6e1e-a679-45e6-b0c1-e0ad999f06a2,reports,heldout-report-35,1229edbc-45ce-4140-9b5c-a57cd910643b,decisions,gpt-6-luna,ok,contradicted,0.99,141.8219589999935,3.1700000000000005e-05,"{'input_tokens': 317, 'input_tokens_details': {'cached_tokens': 0, 'cache_write_tokens': 0}, 'output_tokens': 0, 'output_tokens_details': {'reasoning_tokens': 0}, 'total_tokens': 317}",True
01bc6e1e-a679-45e6-b0c1-e0ad999f06a2,reports,heldout-report-35,4eaab41d-9d99-4740-bdce-c150061e69c4,jev,jev-1.13.0,ok,contradicted,1,145.81012499998906,2.3100000000000002e-05,"{'input_tokens': 550, 'output_tokens': 47}",True
01bc6e1e-a679-45e6-b0c1-e0ad999f06a2,reports,heldout-report-35,f99670d5-dddb-44e8-8c84-565df70b6aad,jev,jev-1.13.0,ok,supported,0.98,135.54920799999672,2.3520000000000002e-05,"{'input_tokens': 560, 'output_tokens': 44}",True
01bc6e1e-a679-45e6-b0c1-e0ad999f06a2,reports,heldout-report-35,b65c8745-07f7-40c1-8aaa-23479d70eabf,decisions,gpt-6-luna,ok,supported,0.85,145.2013750000042,3.24e-05,"{'input_tokens': 324, 'input_tokens_details': {'cached_tokens': 0, 'cache_write_tokens': 0}, 'output_tokens': 0, 'output_tokens_details': {'reasoning_tokens': 0}, 'total_tokens': 324}",True
246ebfdf-0a31-4824-b2e5-90d448a6d53c,reports,heldout-report-36,363ca950-5987-4c5d-af1d-828fde199bac,decisions,gpt-6-luna,ok,contradicted,0.99,96.67137500000536,3.1700000000000005e-05,"{'input_tokens': 317, 'input_tokens_details': {'cached_tokens': 0, 'cache_write_tokens': 0}, 'output_tokens': 0, 'output_tokens_details': {'reasoning_tokens': 0}, 'total_tokens': 317}",True
246ebfdf-0a31-4824-b2e5-90d448a6d53c,reports,heldout-report-36,f4dbc797-5b61-47ee-9615-1b9b8f1a9b64,jev,jev-1.13.0,ok,contradicted,1,143.49166700000933,2.3100000000000002e-05,"{'input_tokens': 550, 'output_tokens': 47}",True
246ebfdf-0a31-4824-b2e5-90d448a6d53c,reports,heldout-report-36,3e10782f-00da-4b80-b98e-06d6c1a8ecc6,decisions,gpt-6-luna,ok,supported,0.94,136.46329099999275,3.2200000000000003e-05,"{'input_tokens': 322, 'input_tokens_details': {'cached_tokens': 0, 'cache_write_tokens': 0}, 'output_tokens': 0, 'output_tokens_details': {'reasoning_tokens': 0}, 'total_tokens': 322}",True
246ebfdf-0a31-4824-b2e5-90d448a6d53c,reports,heldout-report-36,ede2855b-8605-4574-aa54-ba0eb11a0e02,jev,jev-1.13.0,ok,supported,1,137.49770799999533,2.3310000000000002e-05,"{'input_tokens': 555, 'output_tokens': 44}",True
246ebfdf-0a31-4824-b2e5-90d448a6d53c,reports,heldout-report-36,f166a69e-dfbf-42ec-b7a6-062faa5ee277,decisions,gpt-6-luna,ok,insufficient,0.99,112.65212499999325,3.21e-05,"{'input_tokens': 321, 'input_tokens_details': {'cached_tokens': 0, 'cache_write_tokens': 0}, 'output_tokens': 0, 'output_tokens_details': {'reasoning_tokens': 0}, 'total_tokens': 321}",True
246ebfdf-0a31-4824-b2e5-90d448a6d53c,reports,heldout-report-36,5a48b3c0-20dd-436f-9c75-d30ddb6d50fd,jev,jev-1.13.0,ok,insufficient,1,123.22000000000116,2.3268e-05,"{'input_tokens': 554, 'output_tokens': 47}",True
246ebfdf-0a31-4824-b2e5-90d448a6d53c,reports,heldout-report-36,af35ae20-cae3-46cf-b648-9aedd2a52c80,decisions,gpt-6-luna,ok,supported,0.99,117.47979199999827,3.25e-05,"{'input_tokens': 325, 'input_tokens_details': {'cached_tokens': 0, 'cache_write_tokens': 0}, 'output_tokens': 0, 'output_tokens_details': {'reasoning_tokens': 0}, 'total_tokens': 325}",True
246ebfdf-0a31-4824-b2e5-90d448a6d53c,reports,heldout-report-36,6fbdcb6e-a91e-4dca-ada1-bfe0308cfd91,jev,jev-1.13.0,ok,supported,1,134.48075000000244,2.3646e-05,"{'input_tokens': 563, 'output_tokens': 44}",True
246ebfdf-0a31-4824-b2e5-90d448a6d53c,reports,heldout-report-36,a0924f10-f6d8-4c4e-aac4-cbd442291b1f,decisions,gpt-6-luna,ok,supported,0.85,150.55587500000547,3.24e-05,"{'input_tokens': 324, 'input_tokens_details': {'cached_tokens': 0, 'cache_write_tokens': 0}, 'output_tokens': 0, 'output_tokens_details': {'reasoning_tokens': 0}, 'total_tokens': 324}",True
246ebfdf-0a31-4824-b2e5-90d448a6d53c,reports,heldout-report-36,64ff104f-7f90-4fcf-8a7a-b668dca2d250,jev,jev-1.13.0,ok,supported,0.99,153.640625,2.3520000000000002e-05,"{'input_tokens': 560, 'output_tokens': 44}",True
a3ab05e8-4def-403b-bad9-71363ecb79ae,reports,heldout-report-37,f0cda44f-1876-4494-8b90-682ccaab3b06,decisions,gpt-6-luna,ok,contradicted,0.89,108.51925000001211,3.29e-05,"{'input_tokens': 329, 'input_tokens_details': {'cached_tokens': 0, 'cache_write_tokens': 0}, 'output_tokens': 0, 'output_tokens_details': {'reasoning_tokens': 0}, 'total_tokens': 329}",True
a3ab05e8-4def-403b-bad9-71363ecb79ae,reports,heldout-report-37,e2fd78a2-ab47-448c-8fb5-ede9e0a32bec,jev,jev-1.13.0,ok,contradicted,1,136.61612500000047,2.3814e-05,"{'input_tokens': 567, 'output_tokens': 47}",True
a3ab05e8-4def-403b-bad9-71363ecb79ae,reports,heldout-report-37,30366957-33e6-4a8a-861b-5c00435be947,jev,jev-1.13.0,ok,contradicted,1,146.12600000000384,2.3394000000000003e-05,"{'input_tokens': 557, 'output_tokens': 47}",True
a3ab05e8-4def-403b-bad9-71363ecb79ae,reports,heldout-report-37,73c0ece3-760f-44f3-bbe6-b4267bbf0b79,decisions,gpt-6-luna,ok,contradicted,0.99,146.2169589999976,3.24e-05,"{'input_tokens': 324, 'input_tokens_details': {'cached_tokens': 0, 'cache_write_tokens': 0}, 'output_tokens': 0, 'output_tokens_details': {'reasoning_tokens': 0}, 'total_tokens': 324}",True
a3ab05e8-4def-403b-bad9-71363ecb79ae,reports,heldout-report-37,4ff3f73f-2708-4cf6-ae17-d7b465a094a0,jev,jev-1.13.0,ok,insufficient,1,179.46020800000406,2.3310000000000002e-05,"{'input_tokens': 555, 'output_tokens': 47}",True
a3ab05e8-4def-403b-bad9-71363ecb79ae,reports,heldout-report-37,36fdf110-5e35-438d-b320-8f0c1e3589e4,decisions,gpt-6-luna,ok,insufficient,1,273.99966600000334,3.2200000000000003e-05,"{'input_tokens': 322, 'input_tokens_details': {'cached_tokens': 0, 'cache_write_tokens': 0}, 'output_tokens': 0, 'output_tokens_details': {'reasoning_tokens': 0}, 'total_tokens': 322}",True
a3ab05e8-4def-403b-bad9-71363ecb79ae,reports,heldout-report-37,c846feef-6c4d-473d-a2fe-202ff72c5023,decisions,gpt-6-luna,ok,contradicted,1,97.65299999999115,3.2e-05,"{'input_tokens': 320, 'input_tokens_details': {'cached_tokens': 0, 'cache_write_tokens': 0}, 'output_tokens': 0, 'output_tokens_details': {'reasoning_tokens': 0}, 'total_tokens': 320}",True
a3ab05e8-4def-403b-bad9-71363ecb79ae,reports,heldout-report-37,30819560-5a04-4216-b828-65497def80fc,jev,jev-1.13.0,ok,contradicted,1,184.40558299999975,2.3226000000000004e-05,"{'input_tokens': 553, 'output_tokens': 47}",True
a3ab05e8-4def-403b-bad9-71363ecb79ae,reports,heldout-report-37,eac7d27b-1398-456f-9897-3e96f0897902,decisions,gpt-6-luna,ok,supported,0.55,165.28937499999302,3.27e-05,"{'input_tokens': 327, 'input_tokens_details': {'cached_tokens': 0, 'cache_write_tokens': 0}, 'output_tokens': 0, 'output_tokens_details': {'reasoning_tokens': 0}, 'total_tokens': 327}",True
a3ab05e8-4def-403b-bad9-71363ecb79ae,reports,heldout-report-37,fb39076b-2de4-463d-b751-9f38ed5fdb35,jev,jev-1.13.0,ok,supported,0.98,167.47383299999638,2.3646e-05,"{'input_tokens': 563, 'output_tokens': 44}",True
efc4dc89-e568-497c-830a-b578316eb1b5,reports,heldout-report-38,f39c2a1c-613b-44c5-80bb-212f294c4412,jev,jev-1.13.0,ok,contradicted,1,132.2039999999979,2.3142000000000003e-05,"{'input_tokens': 551, 'output_tokens': 47}",True
efc4dc89-e568-497c-830a-b578316eb1b5,reports,heldout-report-38,412fb904-30df-4bba-9734-2071cbfd175b,decisions,gpt-6-luna,ok,contradicted,1,155.78366699999606,3.1700000000000005e-05,"{'input_tokens': 317, 'input_tokens_details': {'cached_tokens': 0, 'cache_write_tokens': 0}, 'output_tokens': 0, 'output_tokens_details': {'reasoning_tokens': 0}, 'total_tokens': 317}",True
efc4dc89-e568-497c-830a-b578316eb1b5,reports,heldout-report-38,cfed4852-7700-49ae-84cc-f20d316a8a15,decisions,gpt-6-luna,ok,supported,0.91,108.36541699999361,3.2200000000000003e-05,"{'input_tokens': 322, 'input_tokens_details': {'cached_tokens': 0, 'cache_write_tokens': 0}, 'output_tokens': 0, 'output_tokens_details': {'reasoning_tokens': 0}, 'total_tokens': 322}",True
efc4dc89-e568-497c-830a-b578316eb1b5,reports,heldout-report-38,0d70931e-9355-452a-84c4-189006b03568,jev,jev-1.13.0,ok,supported,0.99,119.67858400000841,2.3352e-05,"{'input_tokens': 556, 'output_tokens': 44}",True
efc4dc89-e568-497c-830a-b578316eb1b5,reports,heldout-report-38,7531d22b-0183-4518-a008-0acca825c8b5,decisions,gpt-6-luna,ok,insufficient,1,147.29991600000358,3.2e-05,"{'input_tokens': 320, 'input_tokens_details': {'cached_tokens': 0, 'cache_write_tokens': 0}, 'output_tokens': 0, 'output_tokens_details': {'reasoning_tokens': 0}, 'total_tokens': 320}",True
efc4dc89-e568-497c-830a-b578316eb1b5,reports,heldout-report-38,3d4d7c21-894b-4765-938a-e0cff0e6bb29,jev,jev-1.13.0,ok,insufficient,1,148.30570899999293,2.3268e-05,"{'input_tokens': 554, 'output_tokens': 47}",True
efc4dc89-e568-497c-830a-b578316eb1b5,reports,heldout-report-38,bc725390-8751-44fe-980f-81974f0591fe,decisions,gpt-6-luna,ok,supported,0.99,119.10220799999661,3.24e-05,"{'input_tokens': 324, 'input_tokens_details': {'cached_tokens': 0, 'cache_write_tokens': 0}, 'output_tokens': 0, 'output_tokens_details': {'reasoning_tokens': 0}, 'total_tokens': 324}",True
efc4dc89-e568-497c-830a-b578316eb1b5,reports,heldout-report-38,f519f2b4-57c3-4f4d-9c6d-e51daa3590a1,jev,jev-1.13.0,ok,supported,1,135.0453750000015,2.3688e-05,"{'input_tokens': 564, 'output_tokens': 44}",True
efc4dc89-e568-497c-830a-b578316eb1b5,reports,heldout-report-38,5251291c-f4b3-4d79-a36c-98044f57f9f6,decisions,gpt-6-luna,ok,supported,0.77,152.84691599999496,3.24e-05,"{'input_tokens': 324, 'input_tokens_details': {'cached_tokens': 0, 'cache_write_tokens': 0}, 'output_tokens': 0, 'output_tokens_details': {'reasoning_tokens': 0}, 'total_tokens': 324}",True
efc4dc89-e568-497c-830a-b578316eb1b5,reports,heldout-report-38,494182a5-8554-47f6-8024-cb8d0c7bf73a,jev,jev-1.13.0,ok,supported,0.98,154.221292000002,2.3562000000000002e-05,"{'input_tokens': 561, 'output_tokens': 44}",True
e406c249-dc60-4db1-9940-76ebc43370c2,reports,heldout-report-39,cf030889-a33b-42ca-a0f5-47e4b6e7fffe,decisions,gpt-6-luna,ok,contradicted,0.76,182.21416699999827,3.27e-05,"{'input_tokens': 327, 'input_tokens_details': {'cached_tokens': 0, 'cache_write_tokens': 0}, 'output_tokens': 0, 'output_tokens_details': {'reasoning_tokens': 0}, 'total_tokens': 327}",True
e406c249-dc60-4db1-9940-76ebc43370c2,reports,heldout-report-39,9e658470-4d52-4705-86e0-429aeb010111,jev,jev-1.13.0,ok,contradicted,1,183.74083399999654,2.3814e-05,"{'input_tokens': 567, 'output_tokens': 47}",True
e406c249-dc60-4db1-9940-76ebc43370c2,reports,heldout-report-39,e4d48748-cf7d-4256-a56b-dc11851515f4,decisions,gpt-6-luna,ok,contradicted,0.89,113.4558340000076,3.2300000000000006e-05,"{'input_tokens': 323, 'input_tokens_details': {'cached_tokens': 0, 'cache_write_tokens': 0}, 'output_tokens': 0, 'output_tokens_details': {'reasoning_tokens': 0}, 'total_tokens': 323}",True
e406c249-dc60-4db1-9940-76ebc43370c2,reports,heldout-report-39,ec595232-502f-4a4b-a090-927bf9808071,jev,jev-1.13.0,ok,contradicted,1,131.84154199999466,2.3394000000000003e-05,"{'input_tokens': 557, 'output_tokens': 47}",True
e406c249-dc60-4db1-9940-76ebc43370c2,reports,heldout-report-39,6d6096b0-8076-4e3e-a67b-a75b81c1423e,decisions,gpt-6-luna,ok,insufficient,0.99,131.67612499999814,3.2300000000000006e-05,"{'input_tokens': 323, 'input_tokens_details': {'cached_tokens': 0, 'cache_write_tokens': 0}, 'output_tokens': 0, 'output_tokens_details': {'reasoning_tokens': 0}, 'total_tokens': 323}",True
e406c249-dc60-4db1-9940-76ebc43370c2,reports,heldout-report-39,949521df-0550-44eb-8abe-43a2e31835ad,jev,jev-1.13.0,ok,insufficient,1,133.81287500000326,2.3394000000000003e-05,"{'input_tokens': 557, 'output_tokens': 47}",True
e406c249-dc60-4db1-9940-76ebc43370c2,reports,heldout-report-39,33df8700-9ad2-4322-b233-1ee49998f3c9,decisions,gpt-6-luna,ok,contradicted,1,171.33129099999496,3.19e-05,"{'input_tokens': 319, 'input_tokens_details': {'cached_tokens': 0, 'cache_write_tokens': 0}, 'output_tokens': 0, 'output_tokens_details': {'reasoning_tokens': 0}, 'total_tokens': 319}",True
e406c249-dc60-4db1-9940-76ebc43370c2,reports,heldout-report-39,75738b0e-0f9b-4709-ac64-2f43d6a21a77,jev,jev-1.13.0,ok,contradicted,1,172.75679100000707,2.3226000000000004e-05,"{'input_tokens': 553, 'output_tokens': 47}",True
e406c249-dc60-4db1-9940-76ebc43370c2,reports,heldout-report-39,b8908a6a-868c-4c81-8784-54a6876792c2,jev,jev-1.13.0,ok,supported,0.99,121.975792000012,2.3646e-05,"{'input_tokens': 563, 'output_tokens': 44}",True
e406c249-dc60-4db1-9940-76ebc43370c2,reports,heldout-report-39,8fcefdb6-88df-4f6d-9d66-e7288c8319e4,decisions,gpt-6-luna,ok,supported,0.56,155.84283299998788,3.26e-05,"{'input_tokens': 326, 'input_tokens_details': {'cached_tokens': 0, 'cache_write_tokens': 0}, 'output_tokens': 0, 'output_tokens_details': {'reasoning_tokens': 0}, 'total_tokens': 326}",True
befaddd7-85d4-496d-8e3a-0689c3df5c99,reports,heldout-report-40,caefb183-85f5-406f-80d9-b13feefcbac3,decisions,gpt-6-luna,ok,contradicted,1,130.51350000000093,3.19e-05,"{'input_tokens': 319, 'input_tokens_details': {'cached_tokens': 0, 'cache_write_tokens': 0}, 'output_tokens': 0, 'output_tokens_details': {'reasoning_tokens': 0}, 'total_tokens': 319}",True
befaddd7-85d4-496d-8e3a-0689c3df5c99,reports,heldout-report-40,e232ff9f-cc45-4b9e-a366-9762c7ffe54b,jev,jev-1.13.0,ok,contradicted,1,131.90116700000362,2.3184e-05,"{'input_tokens': 552, 'output_tokens': 47}",True
befaddd7-85d4-496d-8e3a-0689c3df5c99,reports,heldout-report-40,c284e207-58f9-4869-82c8-b51921713dfe,jev,jev-1.13.0,ok,supported,0.99,145.37137500000244,2.3394000000000003e-05,"{'input_tokens': 557, 'output_tokens': 44}",True
befaddd7-85d4-496d-8e3a-0689c3df5c99,reports,heldout-report-40,8179fd01-0329-4ba8-9501-a9acf6c303f6,decisions,gpt-6-luna,ok,supported,0.91,145.07945799999288,3.24e-05,"{'input_tokens': 324, 'input_tokens_details': {'cached_tokens': 0, 'cache_write_tokens': 0}, 'output_tokens': 0, 'output_tokens_details': {'reasoning_tokens': 0}, 'total_tokens': 324}",True
befaddd7-85d4-496d-8e3a-0689c3df5c99,reports,heldout-report-40,bd7d4d78-965e-45df-b10d-40329d8166fa,decisions,gpt-6-luna,ok,insufficient,1,118.64724999999453,3.21e-05,"{'input_tokens': 321, 'input_tokens_details': {'cached_tokens': 0, 'cache_write_tokens': 0}, 'output_tokens': 0, 'output_tokens_details': {'reasoning_tokens': 0}, 'total_tokens': 321}",True
befaddd7-85d4-496d-8e3a-0689c3df5c99,reports,heldout-report-40,81d1877d-e457-44d4-a4d7-caa8131bded9,jev,jev-1.13.0,ok,insufficient,1,151.14845900000364,2.3268e-05,"{'input_tokens': 554, 'output_tokens': 47}",True
befaddd7-85d4-496d-8e3a-0689c3df5c99,reports,heldout-report-40,df806e77-8bde-4a9f-b1fa-7f9ef67e421a,decisions,gpt-6-luna,ok,supported,0.96,144.18533400000888,3.27e-05,"{'input_tokens': 327, 'input_tokens_details': {'cached_tokens': 0, 'cache_write_tokens': 0}, 'output_tokens': 0, 'output_tokens_details': {'reasoning_tokens': 0}, 'total_tokens': 327}",True
befaddd7-85d4-496d-8e3a-0689c3df5c99,reports,heldout-report-40,27ed0a5f-ab39-404f-a0b2-a3a6723aecc5,jev,jev-1.13.0,ok,supported,1,146.69250000000466,2.373e-05,"{'input_tokens': 565, 'output_tokens': 44}",True
befaddd7-85d4-496d-8e3a-0689c3df5c99,reports,heldout-report-40,303e75ea-2b14-4d22-a34f-8c2b70503712,decisions,gpt-6-luna,ok,supported,0.7,181.6165420000034,3.26e-05,"{'input_tokens': 326, 'input_tokens_details': {'cached_tokens': 0, 'cache_write_tokens': 0}, 'output_tokens': 0, 'output_tokens_details': {'reasoning_tokens': 0}, 'total_tokens': 326}",True
befaddd7-85d4-496d-8e3a-0689c3df5c99,reports,heldout-report-40,0930dafd-8fce-45ff-a043-260e6618f396,jev,jev-1.13.0,ok,supported,0.98,182.40695800000685,2.3604000000000003e-05,"{'input_tokens': 562, 'output_tokens': 44}",True
879766fa-b334-46cf-9080-c98bdedfbf7e,incidents,heldout-incident-1,e493d02b-2f38-465f-90bd-c46ff701b841,decisions,gpt-6-luna,ok,check_website,0.85,295.21649999998044,5.190000000000001e-05,"{'input_tokens': 519, 'input_tokens_details': {'cached_tokens': 0, 'cache_write_tokens': 0}, 'output_tokens': 0, 'output_tokens_details': {'reasoning_tokens': 0}, 'total_tokens': 519}",
879766fa-b334-46cf-9080-c98bdedfbf7e,incidents,heldout-incident-1,3f1d9437-b659-40bf-af98-4828bb6d4c5e,jev,jev-1.13.0,ok,check_website,0.93,296.6859580000164,3.3936e-05,"{'input_tokens': 808, 'output_tokens': 122}",
879766fa-b334-46cf-9080-c98bdedfbf7e,incidents,heldout-incident-1,b4d74bab-8e37-41fd-91fd-eb5b293ec87e,decisions,gpt-6-luna,ok,check_auth,0.59,149.91370799997821,5.25e-05,"{'input_tokens': 525, 'input_tokens_details': {'cached_tokens': 0, 'cache_write_tokens': 0}, 'output_tokens': 0, 'output_tokens_details': {'reasoning_tokens': 0}, 'total_tokens': 525}",
879766fa-b334-46cf-9080-c98bdedfbf7e,incidents,heldout-incident-1,95614b77-d14c-478b-8113-51e0919f961a,jev,jev-1.13.0,ok,diagnose_website,0.96,166.28341599996202,3.3894000000000004e-05,"{'input_tokens': 807, 'output_tokens': 115}",True
879766fa-b334-46cf-9080-c98bdedfbf7e,incidents,heldout-incident-1,373ea139-1fd3-470a-a756-6ac95fbdbfe6,decisions,gpt-6-luna,ok,diagnose_website,0.79,123.12475000007544,5.3e-05,"{'input_tokens': 530, 'input_tokens_details': {'cached_tokens': 0, 'cache_write_tokens': 0}, 'output_tokens': 0, 'output_tokens_details': {'reasoning_tokens': 0}, 'total_tokens': 530}",True
6f9a5c9b-aa52-49bb-8cba-681e1c343d6f,incidents,heldout-incident-2,627dcb42-f4fc-474b-bdaa-9228ea89ee73,jev,jev-1.13.0,ok,check_auth,0.82,159.1320419999538,3.385200000000001e-05,"{'input_tokens': 806, 'output_tokens': 121}",
6f9a5c9b-aa52-49bb-8cba-681e1c343d6f,incidents,heldout-incident-2,60c94c3e-a077-4d08-937c-3978cdf0cf29,decisions,gpt-6-luna,ok,check_auth,0.97,226.73233299993444,5.190000000000001e-05,"{'input_tokens': 519, 'input_tokens_details': {'cached_tokens': 0, 'cache_write_tokens': 0}, 'output_tokens': 0, 'output_tokens_details': {'reasoning_tokens': 0}, 'total_tokens': 519}",
6f9a5c9b-aa52-49bb-8cba-681e1c343d6f,incidents,heldout-incident-2,440b7120-17b8-484c-a25f-93c7746a0d7a,decisions,gpt-6-luna,ok,diagnose_auth,0.98,154.41941699991003,5.25e-05,"{'input_tokens': 525, 'input_tokens_details': {'cached_tokens': 0, 'cache_write_tokens': 0}, 'output_tokens': 0, 'output_tokens_details': {'reasoning_tokens': 0}, 'total_tokens': 525}",True
6f9a5c9b-aa52-49bb-8cba-681e1c343d6f,incidents,heldout-incident-2,4ad8c55f-ed55-4a49-89a6-11492678a452,jev,jev-1.13.0,ok,diagnose_auth,0.96,156.29383300000336,3.381e-05,"{'input_tokens': 805, 'output_tokens': 115}",True
44d46c90-9091-457e-ae0c-9eddc656aef5,incidents,heldout-incident-3,7eac1974-ab4a-4fc9-a742-67c0b90c3b00,jev,jev-1.13.0,ok,check_payments,0.66,181.97724999999627,3.3726e-05,"{'input_tokens': 803, 'output_tokens': 122}",
44d46c90-9091-457e-ae0c-9eddc656aef5,incidents,heldout-incident-3,7ed8251d-5d29-446f-9db6-d77a8d9b3db7,decisions,gpt-6-luna,ok,check_payments,0.35,183.78654100000858,5.16e-05,"{'input_tokens': 516, 'input_tokens_details': {'cached_tokens': 0, 'cache_write_tokens': 0}, 'output_tokens': 0, 'output_tokens_details': {'reasoning_tokens': 0}, 'total_tokens': 516}",
44d46c90-9091-457e-ae0c-9eddc656aef5,incidents,heldout-incident-3,81d6a608-8bf0-49bd-be97-7a4d3debeddb,decisions,gpt-6-luna,ok,diagnose_payments,0.97,105.36650000000373,5.22e-05,"{'input_tokens': 522, 'input_tokens_details': {'cached_tokens': 0, 'cache_write_tokens': 0}, 'output_tokens': 0, 'output_tokens_details': {'reasoning_tokens': 0}, 'total_tokens': 522}",True
44d46c90-9091-457e-ae0c-9eddc656aef5,incidents,heldout-incident-3,aad50914-ced4-4900-9577-f301d3249b48,jev,jev-1.13.0,ok,diagnose_payments,0.98,121.51558400003705,3.3684000000000005e-05,"{'input_tokens': 802, 'output_tokens': 115}",True
0619b098-1a1e-4ed8-a769-aa89c113be63,incidents,heldout-incident-4,3d21d100-e0b6-436e-a817-8bca6900cd01,decisions,gpt-6-luna,ok,check_website,0.4,132.81808300002012,5.15e-05,"{'input_tokens': 515, 'input_tokens_details': {'cached_tokens': 0, 'cache_write_tokens': 0}, 'output_tokens': 0, 'output_tokens_details': {'reasoning_tokens': 0}, 'total_tokens': 515}",
0619b098-1a1e-4ed8-a769-aa89c113be63,incidents,heldout-incident-4,35d1715d-3d9d-4fb5-bdcc-c2a94bc5c1b6,jev,jev-1.13.0,ok,check_website,0.47,133.6514999999199,3.3684000000000005e-05,"{'input_tokens': 802, 'output_tokens': 122}",
0619b098-1a1e-4ed8-a769-aa89c113be63,incidents,heldout-incident-4,86442eb2-4a63-43b5-b4b9-2feb584a1d19,jev,jev-1.13.0,ok,check_auth,0.87,168.40275000000838,3.3642e-05,"{'input_tokens': 801, 'output_tokens': 112}",
0619b098-1a1e-4ed8-a769-aa89c113be63,incidents,heldout-incident-4,fbdd4137-539f-4393-b49e-b966498f64cf,decisions,gpt-6-luna,ok,check_auth,0.97,191.6019999999553,5.21e-05,"{'input_tokens': 521, 'input_tokens_details': {'cached_tokens': 0, 'cache_write_tokens': 0}, 'output_tokens': 0, 'output_tokens_details': {'reasoning_tokens': 0}, 'total_tokens': 521}",
0619b098-1a1e-4ed8-a769-aa89c113be63,incidents,heldout-incident-4,24c94c8a-a63e-416e-ad20-f916edacd98c,jev,jev-1.13.0,ok,check_payments,0.82,140.891707999981,3.3558e-05,"{'input_tokens': 799, 'output_tokens': 105}",
0619b098-1a1e-4ed8-a769-aa89c113be63,incidents,heldout-incident-4,1f6d40fc-4b9f-442b-a463-2fd2319b39d4,decisions,gpt-6-luna,ok,check_payments,0.98,281.16366700001527,5.2600000000000005e-05,"{'input_tokens': 526, 'input_tokens_details': {'cached_tokens': 0, 'cache_write_tokens': 0}, 'output_tokens': 0, 'output_tokens_details': {'reasoning_tokens': 0}, 'total_tokens': 526}",
0619b098-1a1e-4ed8-a769-aa89c113be63,incidents,heldout-incident-4,482a14a3-005d-4a3c-bc56-662b87df8f55,jev,jev-1.13.0,ok,check_database,0.68,154.30937499995343,3.3474000000000005e-05,"{'input_tokens': 797, 'output_tokens': 95}",
0619b098-1a1e-4ed8-a769-aa89c113be63,incidents,heldout-incident-4,99d18cfe-f80c-4707-8eaf-032968fef402,decisions,gpt-6-luna,ok,check_database,0.98,154.77520799997728,5.31e-05,"{'input_tokens': 531, 'input_tokens_details': {'cached_tokens': 0, 'cache_write_tokens': 0}, 'output_tokens': 0, 'output_tokens_details': {'reasoning_tokens': 0}, 'total_tokens': 531}",
0619b098-1a1e-4ed8-a769-aa89c113be63,incidents,heldout-incident-4,2875a9e9-2f88-42d4-a785-285cb549715c,decisions,gpt-6-luna,ok,diagnose_database,0.98,113.81762500002515,5.36e-05,"{'input_tokens': 536, 'input_tokens_details': {'cached_tokens': 0, 'cache_write_tokens': 0}, 'output_tokens': 0, 'output_tokens_details': {'reasoning_tokens': 0}, 'total_tokens': 536}",True
0619b098-1a1e-4ed8-a769-aa89c113be63,incidents,heldout-incident-4,fbb7ae69-be57-4720-8d20-014108c557dd,jev,jev-1.13.0,ok,diagnose_database,1,153.7688339999877,3.3390000000000004e-05,"{'input_tokens': 795, 'output_tokens': 89}",True
e2b6fc91-ebc6-415e-ad7b-9da325fd1fc5,incidents,heldout-incident-5,591295a6-7bb7-4766-8a42-6352bb3f8e84,jev,jev-1.13.0,ok,check_payments,0.68,152.19174999999814,3.3726e-05,"{'input_tokens': 803, 'output_tokens': 122}",
e2b6fc91-ebc6-415e-ad7b-9da325fd1fc5,incidents,heldout-incident-5,7ca42616-1973-4d75-9033-f2484d899f3a,decisions,gpt-6-luna,ok,check_payments,0.35,152.60504200006835,5.16e-05,"{'input_tokens': 516, 'input_tokens_details': {'cached_tokens': 0, 'cache_write_tokens': 0}, 'output_tokens': 0, 'output_tokens_details': {'reasoning_tokens': 0}, 'total_tokens': 516}",
e2b6fc91-ebc6-415e-ad7b-9da325fd1fc5,incidents,heldout-incident-5,36e3d47c-9bc7-4b45-9206-09bc0db39367,jev,jev-1.13.0,ok,check_database,0.23,184.21933299989905,3.3684000000000005e-05,"{'input_tokens': 802, 'output_tokens': 112}",
e2b6fc91-ebc6-415e-ad7b-9da325fd1fc5,incidents,heldout-incident-5,a1f599f7-a489-4311-b379-8011d11b26c2,decisions,gpt-6-luna,ok,check_website,0.77,184.46266600000672,5.22e-05,"{'input_tokens': 522, 'input_tokens_details': {'cached_tokens': 0, 'cache_write_tokens': 0}, 'output_tokens': 0, 'output_tokens_details': {'reasoning_tokens': 0}, 'total_tokens': 522}",
e2b6fc91-ebc6-415e-ad7b-9da325fd1fc5,incidents,heldout-incident-5,b9667f91-9a6e-40c7-9483-3b3f2f8d727b,decisions,gpt-6-luna,ok,check_auth,0.83,110.43166700005531,5.27e-05,"{'input_tokens': 527, 'input_tokens_details': {'cached_tokens': 0, 'cache_write_tokens': 0}, 'output_tokens': 0, 'output_tokens_details': {'reasoning_tokens': 0}, 'total_tokens': 527}",
e2b6fc91-ebc6-415e-ad7b-9da325fd1fc5,incidents,heldout-incident-5,2aeea105-b0f6-4093-b7ba-c729c82b4ee0,jev,jev-1.13.0,ok,check_website,0.28,124.34412500006147,3.3600000000000004e-05,"{'input_tokens': 800, 'output_tokens': 105}",
e2b6fc91-ebc6-415e-ad7b-9da325fd1fc5,incidents,heldout-incident-5,196394bf-201c-470d-be83-c01508227746,jev,jev-1.13.0,ok,check_auth,0.7,124.27166700002272,3.3516e-05,"{'input_tokens': 798, 'output_tokens': 95}",
e2b6fc91-ebc6-415e-ad7b-9da325fd1fc5,incidents,heldout-incident-5,11517c47-9e0b-4ada-98ec-decb0e1ac4cd,decisions,gpt-6-luna,ok,check_database,0.99,125.39137500000652,5.3200000000000006e-05,"{'input_tokens': 532, 'input_tokens_details': {'cached_tokens': 0, 'cache_write_tokens': 0}, 'output_tokens': 0, 'output_tokens_details': {'reasoning_tokens': 0}, 'total_tokens': 532}",
e2b6fc91-ebc6-415e-ad7b-9da325fd1fc5,incidents,heldout-incident-5,fa3487fe-fc95-4ae4-b80d-2464c3dae8dd,decisions,gpt-6-luna,ok,check_external,0.85,182.68900000001304,5.3700000000000004e-05,"{'input_tokens': 537, 'input_tokens_details': {'cached_tokens': 0, 'cache_write_tokens': 0}, 'output_tokens': 0, 'output_tokens_details': {'reasoning_tokens': 0}, 'total_tokens': 537}",
e2b6fc91-ebc6-415e-ad7b-9da325fd1fc5,incidents,heldout-incident-5,321d9ee6-c29f-41ea-b661-e087eafe02db,jev,jev-1.13.0,ok,check_external,0.63,266.6342500000028,3.3432e-05,"{'input_tokens': 796, 'output_tokens': 87}",
e2b6fc91-ebc6-415e-ad7b-9da325fd1fc5,incidents,heldout-incident-5,8820b476-d4ed-4689-bec2-d7cf2ec336b1,jev,jev-1.13.0,ok,diagnose_external,0.99,208.92533399991225,3.3348e-05,"{'input_tokens': 794, 'output_tokens': 81}",True
e2b6fc91-ebc6-415e-ad7b-9da325fd1fc5,incidents,heldout-incident-5,8aef5ec2-d7e7-4d86-80af-5e47e8b68faa,decisions,gpt-6-luna,ok,diagnose_external,0.9,209.14137500000652,5.42e-05,"{'input_tokens': 542, 'input_tokens_details': {'cached_tokens': 0, 'cache_write_tokens': 0}, 'output_tokens': 0, 'output_tokens_details': {'reasoning_tokens': 0}, 'total_tokens': 542}",True
9242e138-0c63-425e-b0e8-27093e0c253e,incidents,heldout-incident-6,64376fe0-7db5-47f4-9578-5b867d5378c1,jev,jev-1.13.0,ok,check_website,0.62,180.67070799996145,3.3684000000000005e-05,"{'input_tokens': 802, 'output_tokens': 122}",
9242e138-0c63-425e-b0e8-27093e0c253e,incidents,heldout-incident-6,801d80dc-e7df-42cc-b007-16ca7c3fc37c,decisions,gpt-6-luna,ok,check_website,0.55,180.9217499999795,5.15e-05,"{'input_tokens': 515, 'input_tokens_details': {'cached_tokens': 0, 'cache_write_tokens': 0}, 'output_tokens': 0, 'output_tokens_details': {'reasoning_tokens': 0}, 'total_tokens': 515}",
9242e138-0c63-425e-b0e8-27093e0c253e,incidents,heldout-incident-6,f691db74-e665-49e2-ac88-9613dd368ffd,decisions,gpt-6-luna,ok,check_auth,0.92,123.63904100004584,5.21e-05,"{'input_tokens': 521, 'input_tokens_details': {'cached_tokens': 0, 'cache_write_tokens': 0}, 'output_tokens': 0, 'output_tokens_details': {'reasoning_tokens': 0}, 'total_tokens': 521}",
9242e138-0c63-425e-b0e8-27093e0c253e,incidents,heldout-incident-6,3549e8db-de36-4aaa-8a83-8f4a8c27ccb0,jev,jev-1.13.0,ok,check_auth,0.64,128.94887500000186,3.3642e-05,"{'input_tokens': 801, 'output_tokens': 112}",
9242e138-0c63-425e-b0e8-27093e0c253e,incidents,heldout-incident-6,2200d73d-52d7-4c74-9d3c-c0acfb3d1c72,decisions,gpt-6-luna,ok,check_payments,0.99,129.310499999905,5.2600000000000005e-05,"{'input_tokens': 526, 'input_tokens_details': {'cached_tokens': 0, 'cache_write_tokens': 0}, 'output_tokens': 0, 'output_tokens_details': {'reasoning_tokens': 0}, 'total_tokens': 526}",
9242e138-0c63-425e-b0e8-27093e0c253e,incidents,heldout-incident-6,abe0451c-39fa-4014-aa0f-354f9d2f8934,jev,jev-1.13.0,ok,check_payments,0.81,170.91154100000858,3.3558e-05,"{'input_tokens': 799, 'output_tokens': 105}",
9242e138-0c63-425e-b0e8-27093e0c253e,incidents,heldout-incident-6,a384583d-97ac-4d21-9325-b58f81bc8d7d,decisions,gpt-6-luna,ok,check_database,0.99,115.05858299997635,5.31e-05,"{'input_tokens': 531, 'input_tokens_details': {'cached_tokens': 0, 'cache_write_tokens': 0}, 'output_tokens': 0, 'output_tokens_details': {'reasoning_tokens': 0}, 'total_tokens': 531}",
9242e138-0c63-425e-b0e8-27093e0c253e,incidents,heldout-incident-6,e1db9a03-ea7a-4d7e-a98d-d21aacfac25e,jev,jev-1.13.0,ok,check_database,0.7,163.0091249999823,3.3474000000000005e-05,"{'input_tokens': 797, 'output_tokens': 95}",
9242e138-0c63-425e-b0e8-27093e0c253e,incidents,heldout-incident-6,dbeb53b3-a7c2-4177-9038-ae47264fb8e4,jev,jev-1.13.0,ok,check_external,0.78,224.27908300003037,3.3390000000000004e-05,"{'input_tokens': 795, 'output_tokens': 87}",
9242e138-0c63-425e-b0e8-27093e0c253e,incidents,heldout-incident-6,c08373f1-0e4e-4148-b448-2b055fd731ca,decisions,gpt-6-luna,ok,check_external,0.92,223.95770899998024,5.36e-05,"{'input_tokens': 536, 'input_tokens_details': {'cached_tokens': 0, 'cache_write_tokens': 0}, 'output_tokens': 0, 'output_tokens_details': {'reasoning_tokens': 0}, 'total_tokens': 536}",
9242e138-0c63-425e-b0e8-27093e0c253e,incidents,heldout-incident-6,75ac5e9e-8f2b-441b-bac3-2067582c2743,jev,jev-1.13.0,ok,escalate,1,149.68845799996052,3.3306e-05,"{'input_tokens': 793, 'output_tokens': 80}",True
9242e138-0c63-425e-b0e8-27093e0c253e,incidents,heldout-incident-6,b1e7b095-1ae6-4d3b-a5c6-a6d6bda01986,decisions,gpt-6-luna,ok,escalate,0.98,149.75879200000782,5.41e-05,"{'input_tokens': 541, 'input_tokens_details': {'cached_tokens': 0, 'cache_write_tokens': 0}, 'output_tokens': 0, 'output_tokens_details': {'reasoning_tokens': 0}, 'total_tokens': 541}",True
9133432d-b3c3-4671-a9a7-9106be2c71f4,incidents,heldout-incident-7,35efa7c2-ec66-43c1-8559-b87ff1387a85,decisions,gpt-6-luna,ok,check_website,0.91,105.82737499999348,5.21e-05,"{'input_tokens': 521, 'input_tokens_details': {'cached_tokens': 0, 'cache_write_tokens': 0}, 'output_tokens': 0, 'output_tokens_details': {'reasoning_tokens': 0}, 'total_tokens': 521}",
9133432d-b3c3-4671-a9a7-9106be2c71f4,incidents,heldout-incident-7,d2289b7d-268c-47be-832b-63df0c6a328c,jev,jev-1.13.0,ok,check_website,0.9,230.65079200000037,3.406200000000001e-05,"{'input_tokens': 811, 'output_tokens': 122}",
9133432d-b3c3-4671-a9a7-9106be2c71f4,incidents,heldout-incident-7,afc026b9-3bf9-4ffe-849f-aa7eac386f81,decisions,gpt-6-luna,ok,check_auth,0.48,149.23791599995457,5.27e-05,"{'input_tokens': 527, 'input_tokens_details': {'cached_tokens': 0, 'cache_write_tokens': 0}, 'output_tokens': 0, 'output_tokens_details': {'reasoning_tokens': 0}, 'total_tokens': 527}",
9133432d-b3c3-4671-a9a7-9106be2c71f4,incidents,heldout-incident-7,a1831af7-a3c7-4044-b776-a27f782ac8e3,jev,jev-1.13.0,ok,diagnose_website,0.95,300.4456250000512,3.402e-05,"{'input_tokens': 810, 'output_tokens': 115}",True
9133432d-b3c3-4671-a9a7-9106be2c71f4,incidents,heldout-incident-7,24485d64-17b1-42cc-bd0b-db32106c671f,decisions,gpt-6-luna,ok,check_payments,0.25,110.23229099996388,5.3200000000000006e-05,"{'input_tokens': 532, 'input_tokens_details': {'cached_tokens': 0, 'cache_write_tokens': 0}, 'output_tokens': 0, 'output_tokens_details': {'reasoning_tokens': 0}, 'total_tokens': 532}",
9133432d-b3c3-4671-a9a7-9106be2c71f4,incidents,heldout-incident-7,e0beb0fe-a722-4ffc-8741-14b534bba7de,decisions,gpt-6-luna,ok,diagnose_website,0.93,150.10604199999943,5.3700000000000004e-05,"{'input_tokens': 537, 'input_tokens_details': {'cached_tokens': 0, 'cache_write_tokens': 0}, 'output_tokens': 0, 'output_tokens_details': {'reasoning_tokens': 0}, 'total_tokens': 537}",True
2fe8bc8f-c6ea-44fd-b4b7-4f367d3ceb11,incidents,heldout-incident-8,a51c7ec4-1cc4-4827-825d-552fe3eae473,decisions,gpt-6-luna,ok,check_auth,0.64,107.62404100003187,5.16e-05,"{'input_tokens': 516, 'input_tokens_details': {'cached_tokens': 0, 'cache_write_tokens': 0}, 'output_tokens': 0, 'output_tokens_details': {'reasoning_tokens': 0}, 'total_tokens': 516}",
2fe8bc8f-c6ea-44fd-b4b7-4f367d3ceb11,incidents,heldout-incident-8,88de9128-a1d0-4d47-b869-8a3c8e9000e6,jev,jev-1.13.0,ok,check_auth,0.71,126.0394999999553,3.385200000000001e-05,"{'input_tokens': 806, 'output_tokens': 121}",
2fe8bc8f-c6ea-44fd-b4b7-4f367d3ceb11,incidents,heldout-incident-8,cf63e29c-9698-4d69-9dc4-e34def12ac98,decisions,gpt-6-luna,ok,diagnose_auth,0.42,104.56070799997542,5.22e-05,"{'input_tokens': 522, 'input_tokens_details': {'cached_tokens': 0, 'cache_write_tokens': 0}, 'output_tokens': 0, 'output_tokens_details': {'reasoning_tokens': 0}, 'total_tokens': 522}",True
2fe8bc8f-c6ea-44fd-b4b7-4f367d3ceb11,incidents,heldout-incident-8,1b3031cd-f9a5-435d-ad1c-16df5c8e1e56,jev,jev-1.13.0,ok,diagnose_auth,0.96,318.1408330000704,3.381e-05,"{'input_tokens': 805, 'output_tokens': 115}",True
cd17b6fe-59cd-4c78-a261-3dd8cfb577ca,incidents,heldout-incident-9,023bafe0-7171-4d35-9e1b-1ac63ce0df7e,decisions,gpt-6-luna,ok,check_payments,0.44,132.12954100000206,5.130000000000001e-05,"{'input_tokens': 513, 'input_tokens_details': {'cached_tokens': 0, 'cache_write_tokens': 0}, 'output_tokens': 0, 'output_tokens_details': {'reasoning_tokens': 0}, 'total_tokens': 513}",
cd17b6fe-59cd-4c78-a261-3dd8cfb577ca,incidents,heldout-incident-9,6b019e70-9296-4cb0-b54e-59751e2903f9,jev,jev-1.13.0,ok,check_payments,0.76,140.44687500002328,3.3642e-05,"{'input_tokens': 801, 'output_tokens': 122}",
cd17b6fe-59cd-4c78-a261-3dd8cfb577ca,incidents,heldout-incident-9,fa9152cb-a54e-45ed-99d6-4be8a12d7278,decisions,gpt-6-luna,ok,diagnose_payments,0.76,141.15991700009909,5.190000000000001e-05,"{'input_tokens': 519, 'input_tokens_details': {'cached_tokens': 0, 'cache_write_tokens': 0}, 'output_tokens': 0, 'output_tokens_details': {'reasoning_tokens': 0}, 'total_tokens': 519}",True
cd17b6fe-59cd-4c78-a261-3dd8cfb577ca,incidents,heldout-incident-9,4fd82f2c-1d33-487e-b794-c0a7eb65b46f,jev,jev-1.13.0,ok,diagnose_payments,0.98,264.34083400003146,3.3600000000000004e-05,"{'input_tokens': 800, 'output_tokens': 115}",True
2d55667f-b9ca-46f5-aedc-33c8ff8fb96e,incidents,heldout-incident-10,c26a0b67-463d-4ee0-890f-b30d006f15ec,decisions,gpt-6-luna,ok,check_website,0.47,134.72124999994412,5.16e-05,"{'input_tokens': 516, 'input_tokens_details': {'cached_tokens': 0, 'cache_write_tokens': 0}, 'output_tokens': 0, 'output_tokens_details': {'reasoning_tokens': 0}, 'total_tokens': 516}",
2d55667f-b9ca-46f5-aedc-33c8ff8fb96e,incidents,heldout-incident-10,4403f530-21b2-4e18-93ff-c84836f78cb9,jev,jev-1.13.0,ok,check_database,0.41,137.30024999997113,3.381e-05,"{'input_tokens': 805, 'output_tokens': 121}",
2d55667f-b9ca-46f5-aedc-33c8ff8fb96e,incidents,heldout-incident-10,03393564-fb24-4f76-9112-bede8e7da27f,decisions,gpt-6-luna,ok,check_auth,0.93,125.1277499999851,5.22e-05,"{'input_tokens': 522, 'input_tokens_details': {'cached_tokens': 0, 'cache_write_tokens': 0}, 'output_tokens': 0, 'output_tokens_details': {'reasoning_tokens': 0}, 'total_tokens': 522}",
2d55667f-b9ca-46f5-aedc-33c8ff8fb96e,incidents,heldout-incident-10,c05b64fa-04eb-4eb2-a31c-5f63d15d70c4,jev,jev-1.13.0,ok,diagnose_database,0.99,145.5585410000058,3.3768e-05,"{'input_tokens': 804, 'output_tokens': 115}",True
2d55667f-b9ca-46f5-aedc-33c8ff8fb96e,incidents,heldout-incident-10,3b7cc0d3-2a0b-4597-8166-f1782b0a4819,decisions,gpt-6-luna,ok,check_payments,0.98,138.63937499991152,5.27e-05,"{'input_tokens': 527, 'input_tokens_details': {'cached_tokens': 0, 'cache_write_tokens': 0}, 'output_tokens': 0, 'output_tokens_details': {'reasoning_tokens': 0}, 'total_tokens': 527}",
2d55667f-b9ca-46f5-aedc-33c8ff8fb96e,incidents,heldout-incident-10,8bddb33d-e7dd-41bc-b1b8-dbafe631ee22,decisions,gpt-6-luna,ok,check_database,0.99,173.76766699994914,5.3200000000000006e-05,"{'input_tokens': 532, 'input_tokens_details': {'cached_tokens': 0, 'cache_write_tokens': 0}, 'output_tokens': 0, 'output_tokens_details': {'reasoning_tokens': 0}, 'total_tokens': 532}",
2d55667f-b9ca-46f5-aedc-33c8ff8fb96e,incidents,heldout-incident-10,5c965f25-cb43-4d01-b558-c278857dfc87,decisions,gpt-6-luna,ok,diagnose_database,0.93,151.11054200003855,5.3700000000000004e-05,"{'input_tokens': 537, 'input_tokens_details': {'cached_tokens': 0, 'cache_write_tokens': 0}, 'output_tokens': 0, 'output_tokens_details': {'reasoning_tokens': 0}, 'total_tokens': 537}",True
5b2c6044-916c-40be-999f-5c7cd2850d09,incidents,heldout-incident-11,57281576-c277-45b1-904b-f19172a2183d,decisions,gpt-6-luna,ok,check_payments,0.44,121.13679200003389,5.130000000000001e-05,"{'input_tokens': 513, 'input_tokens_details': {'cached_tokens': 0, 'cache_write_tokens': 0}, 'output_tokens': 0, 'output_tokens_details': {'reasoning_tokens': 0}, 'total_tokens': 513}",
5b2c6044-916c-40be-999f-5c7cd2850d09,incidents,heldout-incident-11,4430aedf-b7ac-4306-9939-291d757a31e7,jev,jev-1.13.0,ok,check_payments,0.82,145.14245799998753,3.3642e-05,"{'input_tokens': 801, 'output_tokens': 122}",
5b2c6044-916c-40be-999f-5c7cd2850d09,incidents,heldout-incident-11,756b4097-f5d8-4140-ae6f-b49d9cb1da5d,decisions,gpt-6-luna,ok,check_website,0.84,159.7213749999646,5.190000000000001e-05,"{'input_tokens': 519, 'input_tokens_details': {'cached_tokens': 0, 'cache_write_tokens': 0}, 'output_tokens': 0, 'output_tokens_details': {'reasoning_tokens': 0}, 'total_tokens': 519}",
5b2c6044-916c-40be-999f-5c7cd2850d09,incidents,heldout-incident-11,18ef90aa-e794-41a8-b0b2-a1f2877fe9b6,jev,jev-1.13.0,ok,check_database,0.28,161.46079199993983,3.3600000000000004e-05,"{'input_tokens': 800, 'output_tokens': 112}",
5b2c6044-916c-40be-999f-5c7cd2850d09,incidents,heldout-incident-11,99bc09f2-fec2-48e1-92e3-8b8609b719d6,decisions,gpt-6-luna,ok,check_auth,0.51,102.9120830000611,5.2400000000000007e-05,"{'input_tokens': 524, 'input_tokens_details': {'cached_tokens': 0, 'cache_write_tokens': 0}, 'output_tokens': 0, 'output_tokens_details': {'reasoning_tokens': 0}, 'total_tokens': 524}",
5b2c6044-916c-40be-999f-5c7cd2850d09,incidents,heldout-incident-11,3c8ac0f7-4b11-4874-b8ea-ce47bf7b5f07,jev,jev-1.13.0,ok,check_website,0.34,130.5879169999389,3.3516e-05,"{'input_tokens': 798, 'output_tokens': 105}",
5b2c6044-916c-40be-999f-5c7cd2850d09,incidents,heldout-incident-11,4a17bb14-6a10-4c69-9584-fd8ad70894d3,decisions,gpt-6-luna,ok,check_database,0.99,112.17341599997599,5.2900000000000005e-05,"{'input_tokens': 529, 'input_tokens_details': {'cached_tokens': 0, 'cache_write_tokens': 0}, 'output_tokens': 0, 'output_tokens_details': {'reasoning_tokens': 0}, 'total_tokens': 529}",
5b2c6044-916c-40be-999f-5c7cd2850d09,incidents,heldout-incident-11,79f25549-fcfd-457f-8dbd-adf73828f793,jev,jev-1.13.0,ok,check_auth,0.52,184.7882090000203,3.3432e-05,"{'input_tokens': 796, 'output_tokens': 95}",
5b2c6044-916c-40be-999f-5c7cd2850d09,incidents,heldout-incident-11,91d18d07-6bd5-452b-a20c-08398d946e4a,decisions,gpt-6-luna,ok,check_external,0.8,102.39729100000113,5.3400000000000004e-05,"{'input_tokens': 534, 'input_tokens_details': {'cached_tokens': 0, 'cache_write_tokens': 0}, 'output_tokens': 0, 'output_tokens_details': {'reasoning_tokens': 0}, 'total_tokens': 534}",
5b2c6044-916c-40be-999f-5c7cd2850d09,incidents,heldout-incident-11,3c410b9e-1d5f-416d-8bba-865d76a67373,jev,jev-1.13.0,ok,check_external,0.76,173.16787500004284,3.3348e-05,"{'input_tokens': 794, 'output_tokens': 87}",
5b2c6044-916c-40be-999f-5c7cd2850d09,incidents,heldout-incident-11,edb7598e-0f82-4f8c-917e-fc837ecf6db2,decisions,gpt-6-luna,ok,diagnose_external,0.95,108.3231669999659,5.39e-05,"{'input_tokens': 539, 'input_tokens_details': {'cached_tokens': 0, 'cache_write_tokens': 0}, 'output_tokens': 0, 'output_tokens_details': {'reasoning_tokens': 0}, 'total_tokens': 539}",True
5b2c6044-916c-40be-999f-5c7cd2850d09,incidents,heldout-incident-11,0dafeb3a-eef5-452b-9434-2e8620e827cd,jev,jev-1.13.0,ok,diagnose_external,1,209.34316700010095,3.3264000000000005e-05,"{'input_tokens': 792, 'output_tokens': 81}",True
de5d8214-215f-48a0-abd8-cc432d6afc15,incidents,heldout-incident-12,16053ad7-f5a1-49ae-a50a-397e647c7118,jev,jev-1.13.0,ok,check_database,0.39,180.7063330000965,3.381e-05,"{'input_tokens': 805, 'output_tokens': 121}",
de5d8214-215f-48a0-abd8-cc432d6afc15,incidents,heldout-incident-12,0d6bf1f0-7f80-42c2-97ad-5a5fbbaab853,decisions,gpt-6-luna,ok,check_website,0.52,263.4314579999773,5.15e-05,"{'input_tokens': 515, 'input_tokens_details': {'cached_tokens': 0, 'cache_write_tokens': 0}, 'output_tokens': 0, 'output_tokens_details': {'reasoning_tokens': 0}, 'total_tokens': 515}",
de5d8214-215f-48a0-abd8-cc432d6afc15,incidents,heldout-incident-12,6b37c5a6-b811-4c37-87b0-d2057becdbac,jev,jev-1.13.0,ok,check_auth,0.34,132.88329199992586,3.3768e-05,"{'input_tokens': 804, 'output_tokens': 113}",
de5d8214-215f-48a0-abd8-cc432d6afc15,incidents,heldout-incident-12,e2260635-6aea-4409-9623-7ef0f65022ab,decisions,gpt-6-luna,ok,check_auth,0.93,155.39725000003818,5.21e-05,"{'input_tokens': 521, 'input_tokens_details': {'cached_tokens': 0, 'cache_write_tokens': 0}, 'output_tokens': 0, 'output_tokens_details': {'reasoning_tokens': 0}, 'total_tokens': 521}",
de5d8214-215f-48a0-abd8-cc432d6afc15,incidents,heldout-incident-12,dcfaa872-b770-480d-a14f-900fd5174419,decisions,gpt-6-luna,ok,check_payments,0.97,107.42324999999255,5.2600000000000005e-05,"{'input_tokens': 526, 'input_tokens_details': {'cached_tokens': 0, 'cache_write_tokens': 0}, 'output_tokens': 0, 'output_tokens_details': {'reasoning_tokens': 0}, 'total_tokens': 526}",
de5d8214-215f-48a0-abd8-cc432d6afc15,incidents,heldout-incident-12,abb29e45-966e-4c84-8b8b-481a4c9299d5,jev,jev-1.13.0,ok,check_payments,0.61,147.96074999996927,3.3684000000000005e-05,"{'input_tokens': 802, 'output_tokens': 106}",
de5d8214-215f-48a0-abd8-cc432d6afc15,incidents,heldout-incident-12,16f9766b-7e1c-44d5-be73-d7ef64e15a7e,decisions,gpt-6-luna,ok,check_database,0.98,113.2898339999374,5.31e-05,"{'input_tokens': 531, 'input_tokens_details': {'cached_tokens': 0, 'cache_write_tokens': 0}, 'output_tokens': 0, 'output_tokens_details': {'reasoning_tokens': 0}, 'total_tokens': 531}",
de5d8214-215f-48a0-abd8-cc432d6afc15,incidents,heldout-incident-12,30e6c029-7c85-4223-b3ef-e0b8e1ff4aef,jev,jev-1.13.0,ok,check_website,0.49,134.8305420000106,3.3600000000000004e-05,"{'input_tokens': 800, 'output_tokens': 97}",
de5d8214-215f-48a0-abd8-cc432d6afc15,incidents,heldout-incident-12,65dc96f8-2181-4e1a-b1a4-5c320592b771,decisions,gpt-6-luna,ok,check_external,1,98.22716599993873,5.36e-05,"{'input_tokens': 536, 'input_tokens_details': {'cached_tokens': 0, 'cache_write_tokens': 0}, 'output_tokens': 0, 'output_tokens_details': {'reasoning_tokens': 0}, 'total_tokens': 536}",
de5d8214-215f-48a0-abd8-cc432d6afc15,incidents,heldout-incident-12,222f55e3-38a7-4ba0-bc5e-930acf545b4d,jev,jev-1.13.0,ok,check_external,0.64,148.2534169999417,3.3516e-05,"{'input_tokens': 798, 'output_tokens': 87}",
de5d8214-215f-48a0-abd8-cc432d6afc15,incidents,heldout-incident-12,1ca1e612-4902-4438-a376-3050e52c153f,decisions,gpt-6-luna,ok,escalate,1,119.87604200001806,5.41e-05,"{'input_tokens': 541, 'input_tokens_details': {'cached_tokens': 0, 'cache_write_tokens': 0}, 'output_tokens': 0, 'output_tokens_details': {'reasoning_tokens': 0}, 'total_tokens': 541}",True
de5d8214-215f-48a0-abd8-cc432d6afc15,incidents,heldout-incident-12,528418f5-04b7-47e1-bd54-8e01d6b1c4e3,jev,jev-1.13.0,ok,escalate,1,125.28787499992177,3.3432e-05,"{'input_tokens': 796, 'output_tokens': 80}",True
2c92ec82-b453-4fef-a26f-56a18913203f,incidents,heldout-incident-13,3ed8c844-daad-444e-9a79-a5ce7582d0e7,jev,jev-1.13.0,ok,check_website,0.93,148.7201660000719,3.3936e-05,"{'input_tokens': 808, 'output_tokens': 122}",
2c92ec82-b453-4fef-a26f-56a18913203f,incidents,heldout-incident-13,45805239-cfcd-40f8-89ff-0babc72e57ff,decisions,gpt-6-luna,ok,check_website,0.86,148.84425000008196,5.190000000000001e-05,"{'input_tokens': 519, 'input_tokens_details': {'cached_tokens': 0, 'cache_write_tokens': 0}, 'output_tokens': 0, 'output_tokens_details': {'reasoning_tokens': 0}, 'total_tokens': 519}",
2c92ec82-b453-4fef-a26f-56a18913203f,incidents,heldout-incident-13,ffc37aaa-eadc-493e-8585-c07f9436b07d,decisions,gpt-6-luna,ok,check_auth,0.64,118.23666699999012,5.25e-05,"{'input_tokens': 525, 'input_tokens_details': {'cached_tokens': 0, 'cache_write_tokens': 0}, 'output_tokens': 0, 'output_tokens_details': {'reasoning_tokens': 0}, 'total_tokens': 525}",
2c92ec82-b453-4fef-a26f-56a18913203f,incidents,heldout-incident-13,db8d52a1-5a09-4c75-bcc4-fa7caad016b3,jev,jev-1.13.0,ok,diagnose_website,0.94,127.45604099996854,3.3894000000000004e-05,"{'input_tokens': 807, 'output_tokens': 115}",True
2c92ec82-b453-4fef-a26f-56a18913203f,incidents,heldout-incident-13,f46667af-a575-4956-9c72-56a21feb897a,decisions,gpt-6-luna,ok,check_payments,0.89,151.20062500005588,5.3e-05,"{'input_tokens': 530, 'input_tokens_details': {'cached_tokens': 0, 'cache_write_tokens': 0}, 'output_tokens': 0, 'output_tokens_details': {'reasoning_tokens': 0}, 'total_tokens': 530}",
2c92ec82-b453-4fef-a26f-56a18913203f,incidents,heldout-incident-13,e7ec61a2-143d-4f65-bcc6-1e1a3c02d33e,decisions,gpt-6-luna,ok,diagnose_website,0.98,100.25720799993724,5.35e-05,"{'input_tokens': 535, 'input_tokens_details': {'cached_tokens': 0, 'cache_write_tokens': 0}, 'output_tokens': 0, 'output_tokens_details': {'reasoning_tokens': 0}, 'total_tokens': 535}",True
213dad1b-c2d5-4720-90a2-803edc9a938f,incidents,heldout-incident-14,9f5dea9a-3dcb-4bf7-a103-2e1c4f4be160,decisions,gpt-6-luna,ok,check_auth,0.84,175.56891699996777,5.190000000000001e-05,"{'input_tokens': 519, 'input_tokens_details': {'cached_tokens': 0, 'cache_write_tokens': 0}, 'output_tokens': 0, 'output_tokens_details': {'reasoning_tokens': 0}, 'total_tokens': 519}",
213dad1b-c2d5-4720-90a2-803edc9a938f,incidents,heldout-incident-14,2ef442e3-b165-497e-b38e-812878350535,jev,jev-1.13.0,ok,check_auth,0.76,195.592667000019,3.385200000000001e-05,"{'input_tokens': 806, 'output_tokens': 121}",
213dad1b-c2d5-4720-90a2-803edc9a938f,incidents,heldout-incident-14,8c124388-a580-4cb4-8474-bd132833cdb8,decisions,gpt-6-luna,ok,diagnose_auth,0.99,101.64245799998753,5.25e-05,"{'input_tokens': 525, 'input_tokens_details': {'cached_tokens': 0, 'cache_write_tokens': 0}, 'output_tokens': 0, 'output_tokens_details': {'reasoning_tokens': 0}, 'total_tokens': 525}",True
213dad1b-c2d5-4720-90a2-803edc9a938f,incidents,heldout-incident-14,5671f978-26db-44f8-b960-3be7ee5f290f,jev,jev-1.13.0,ok,diagnose_auth,0.95,186.08775000006426,3.381e-05,"{'input_tokens': 805, 'output_tokens': 115}",True
6500ba43-d8ff-4ef3-9ee4-594ddd2c9b27,incidents,heldout-incident-15,7c452eaa-fe09-4071-a900-8dbc477561a0,decisions,gpt-6-luna,ok,check_website,0.42,164.77291699999478,5.16e-05,"{'input_tokens': 516, 'input_tokens_details': {'cached_tokens': 0, 'cache_write_tokens': 0}, 'output_tokens': 0, 'output_tokens_details': {'reasoning_tokens': 0}, 'total_tokens': 516}",
6500ba43-d8ff-4ef3-9ee4-594ddd2c9b27,incidents,heldout-incident-15,f31b0cc8-97b2-4b34-ad0c-0c8e55b32662,jev,jev-1.13.0,ok,check_payments,0.69,165.6852090000175,3.3726e-05,"{'input_tokens': 803, 'output_tokens': 122}",
6500ba43-d8ff-4ef3-9ee4-594ddd2c9b27,incidents,heldout-incident-15,8db0c40b-5cb3-470d-8cad-adb7dc6f3690,jev,jev-1.13.0,ok,diagnose_payments,0.99,121.89879099989776,3.3684000000000005e-05,"{'input_tokens': 802, 'output_tokens': 115}",True
6500ba43-d8ff-4ef3-9ee4-594ddd2c9b27,incidents,heldout-incident-15,5db5dafb-5ef3-41ba-81c6-a8cef4445f77,decisions,gpt-6-luna,ok,check_auth,0.44,160.14199999999255,5.22e-05,"{'input_tokens': 522, 'input_tokens_details': {'cached_tokens': 0, 'cache_write_tokens': 0}, 'output_tokens': 0, 'output_tokens_details': {'reasoning_tokens': 0}, 'total_tokens': 522}",
6500ba43-d8ff-4ef3-9ee4-594ddd2c9b27,incidents,heldout-incident-15,83261562-b015-4f0b-8f0d-c58da54230d0,decisions,gpt-6-luna,ok,check_payments,0.99,184.68712499993853,5.27e-05,"{'input_tokens': 527, 'input_tokens_details': {'cached_tokens': 0, 'cache_write_tokens': 0}, 'output_tokens': 0, 'output_tokens_details': {'reasoning_tokens': 0}, 'total_tokens': 527}",
6500ba43-d8ff-4ef3-9ee4-594ddd2c9b27,incidents,heldout-incident-15,c75c33a3-29f3-4998-a253-49d5f715bbd1,decisions,gpt-6-luna,ok,diagnose_payments,0.99,228.83045799995307,5.3200000000000006e-05,"{'input_tokens': 532, 'input_tokens_details': {'cached_tokens': 0, 'cache_write_tokens': 0}, 'output_tokens': 0, 'output_tokens_details': {'reasoning_tokens': 0}, 'total_tokens': 532}",True
db7ae6af-df6c-4e43-b4bc-23a68a801586,incidents,heldout-incident-16,4c710d9a-4070-44aa-be4b-64f9d82ef08d,decisions,gpt-6-luna,ok,check_website,0.42,113.95720800000709,5.15e-05,"{'input_tokens': 515, 'input_tokens_details': {'cached_tokens': 0, 'cache_write_tokens': 0}, 'output_tokens': 0, 'output_tokens_details': {'reasoning_tokens': 0}, 'total_tokens': 515}",
db7ae6af-df6c-4e43-b4bc-23a68a801586,incidents,heldout-incident-16,9a0addd5-d931-49c3-ba59-b275725247d8,jev,jev-1.13.0,ok,check_website,0.32,142.45074999995995,3.3684000000000005e-05,"{'input_tokens': 802, 'output_tokens': 122}",
db7ae6af-df6c-4e43-b4bc-23a68a801586,incidents,heldout-incident-16,27225cdc-083f-4b53-abac-869240092722,decisions,gpt-6-luna,ok,check_auth,0.98,136.8241670000134,5.21e-05,"{'input_tokens': 521, 'input_tokens_details': {'cached_tokens': 0, 'cache_write_tokens': 0}, 'output_tokens': 0, 'output_tokens_details': {'reasoning_tokens': 0}, 'total_tokens': 521}",
db7ae6af-df6c-4e43-b4bc-23a68a801586,incidents,heldout-incident-16,a7520a88-1204-4042-b5a9-cc8277ef9ff6,jev,jev-1.13.0,ok,check_auth,0.74,165.31020800000988,3.3642e-05,"{'input_tokens': 801, 'output_tokens': 112}",
db7ae6af-df6c-4e43-b4bc-23a68a801586,incidents,heldout-incident-16,83ce68be-0080-4bec-bd28-4c241e72a1a2,jev,jev-1.13.0,ok,check_payments,0.84,129.99233299994376,3.3558e-05,"{'input_tokens': 799, 'output_tokens': 105}",
db7ae6af-df6c-4e43-b4bc-23a68a801586,incidents,heldout-incident-16,90ef22c6-5901-4935-a6b4-10d6317069da,decisions,gpt-6-luna,ok,check_payments,0.98,149.38158399995882,5.2600000000000005e-05,"{'input_tokens': 526, 'input_tokens_details': {'cached_tokens': 0, 'cache_write_tokens': 0}, 'output_tokens': 0, 'output_tokens_details': {'reasoning_tokens': 0}, 'total_tokens': 526}",
db7ae6af-df6c-4e43-b4bc-23a68a801586,incidents,heldout-incident-16,bf6e6dd1-d375-48d5-884c-96bd0d18607c,decisions,gpt-6-luna,ok,check_database,0.98,98.82287499995437,5.31e-05,"{'input_tokens': 531, 'input_tokens_details': {'cached_tokens': 0, 'cache_write_tokens': 0}, 'output_tokens': 0, 'output_tokens_details': {'reasoning_tokens': 0}, 'total_tokens': 531}",
db7ae6af-df6c-4e43-b4bc-23a68a801586,incidents,heldout-incident-16,3d1e6b3e-dbce-4704-b8ae-40b3b1cbd79f,jev,jev-1.13.0,ok,check_database,0.69,129.2787909999024,3.3474000000000005e-05,"{'input_tokens': 797, 'output_tokens': 95}",
db7ae6af-df6c-4e43-b4bc-23a68a801586,incidents,heldout-incident-16,901dfd60-005c-469e-9c23-d0cb2da2c1d0,jev,jev-1.13.0,ok,diagnose_database,1,122.70295800000895,3.3390000000000004e-05,"{'input_tokens': 795, 'output_tokens': 89}",True
db7ae6af-df6c-4e43-b4bc-23a68a801586,incidents,heldout-incident-16,6070ed99-4fd6-450e-8a63-0d15d8b99add,decisions,gpt-6-luna,ok,diagnose_database,0.95,122.4342080000788,5.36e-05,"{'input_tokens': 536, 'input_tokens_details': {'cached_tokens': 0, 'cache_write_tokens': 0}, 'output_tokens': 0, 'output_tokens_details': {'reasoning_tokens': 0}, 'total_tokens': 536}",True
36cfae64-b7cd-4c88-be49-eab593d976c9,incidents,heldout-incident-17,a4a37f23-8cb9-413d-8934-25a8fe5728e4,jev,jev-1.13.0,ok,check_payments,0.68,116.27512500004377,3.3726e-05,"{'input_tokens': 803, 'output_tokens': 122}",
36cfae64-b7cd-4c88-be49-eab593d976c9,incidents,heldout-incident-17,e72cb908-69b5-40b0-bc0b-d8754e1e3cb5,decisions,gpt-6-luna,ok,check_website,0.42,119.50916599994525,5.16e-05,"{'input_tokens': 516, 'input_tokens_details': {'cached_tokens': 0, 'cache_write_tokens': 0}, 'output_tokens': 0, 'output_tokens_details': {'reasoning_tokens': 0}, 'total_tokens': 516}",
36cfae64-b7cd-4c88-be49-eab593d976c9,incidents,heldout-incident-17,a5ff3b64-5e9e-4f04-8fb9-7bdfe0cb1550,decisions,gpt-6-luna,ok,check_auth,0.44,113.78675000008661,5.22e-05,"{'input_tokens': 522, 'input_tokens_details': {'cached_tokens': 0, 'cache_write_tokens': 0}, 'output_tokens': 0, 'output_tokens_details': {'reasoning_tokens': 0}, 'total_tokens': 522}",
36cfae64-b7cd-4c88-be49-eab593d976c9,incidents,heldout-incident-17,066fc48a-4e10-4e86-a2bd-92fe55fb2207,jev,jev-1.13.0,ok,check_website,0.22,130.56637499993667,3.3684000000000005e-05,"{'input_tokens': 802, 'output_tokens': 113}",
36cfae64-b7cd-4c88-be49-eab593d976c9,incidents,heldout-incident-17,020a32f1-14e4-4bc6-aeb9-3e775dad81bf,decisions,gpt-6-luna,ok,check_payments,0.99,148.59749999991618,5.27e-05,"{'input_tokens': 527, 'input_tokens_details': {'cached_tokens': 0, 'cache_write_tokens': 0}, 'output_tokens': 0, 'output_tokens_details': {'reasoning_tokens': 0}, 'total_tokens': 527}",
36cfae64-b7cd-4c88-be49-eab593d976c9,incidents,heldout-incident-17,7d2d9607-8f8b-4e2c-95a3-76db5d61121f,jev,jev-1.13.0,ok,check_auth,0.64,301.3442910000449,3.3600000000000004e-05,"{'input_tokens': 800, 'output_tokens': 103}",
36cfae64-b7cd-4c88-be49-eab593d976c9,incidents,heldout-incident-17,620336ac-6d6b-4467-b6b7-816518ed0655,jev,jev-1.13.0,ok,check_database,0.78,161.08041699999012,3.3516e-05,"{'input_tokens': 798, 'output_tokens': 95}",
36cfae64-b7cd-4c88-be49-eab593d976c9,incidents,heldout-incident-17,df680392-0ebd-4338-bf3b-a85e707f7f3a,decisions,gpt-6-luna,ok,check_database,0.99,160.9445410000626,5.3200000000000006e-05,"{'input_tokens': 532, 'input_tokens_details': {'cached_tokens': 0, 'cache_write_tokens': 0}, 'output_tokens': 0, 'output_tokens_details': {'reasoning_tokens': 0}, 'total_tokens': 532}",
36cfae64-b7cd-4c88-be49-eab593d976c9,incidents,heldout-incident-17,2db3db48-a2c6-4755-9b56-1bd891252efe,jev,jev-1.13.0,ok,check_external,0.78,133.3449590000091,3.3432e-05,"{'input_tokens': 796, 'output_tokens': 87}",
36cfae64-b7cd-4c88-be49-eab593d976c9,incidents,heldout-incident-17,f060cdcb-dc9d-4b9c-abbd-8c30dbf956aa,decisions,gpt-6-luna,ok,check_external,0.77,133.376125000068,5.3700000000000004e-05,"{'input_tokens': 537, 'input_tokens_details': {'cached_tokens': 0, 'cache_write_tokens': 0}, 'output_tokens': 0, 'output_tokens_details': {'reasoning_tokens': 0}, 'total_tokens': 537}",
36cfae64-b7cd-4c88-be49-eab593d976c9,incidents,heldout-incident-17,8279ae09-0ca3-4b46-81a4-ba8059585d54,decisions,gpt-6-luna,ok,diagnose_external,0.92,103.23499999998603,5.42e-05,"{'input_tokens': 542, 'input_tokens_details': {'cached_tokens': 0, 'cache_write_tokens': 0}, 'output_tokens': 0, 'output_tokens_details': {'reasoning_tokens': 0}, 'total_tokens': 542}",True
36cfae64-b7cd-4c88-be49-eab593d976c9,incidents,heldout-incident-17,87cbbe3e-2802-40ae-b6ae-bc65f99a9d2c,jev,jev-1.13.0,ok,diagnose_external,1,135.56754199997522,3.3348e-05,"{'input_tokens': 794, 'output_tokens': 81}",True
172023d7-b0bd-4808-817d-c7f5cd5ab8cb,incidents,heldout-incident-18,d707040b-1200-44f8-a008-f5b483e02bf1,jev,jev-1.13.0,ok,check_website,0.53,145.4963749999879,3.3684000000000005e-05,"{'input_tokens': 802, 'output_tokens': 122}",
172023d7-b0bd-4808-817d-c7f5cd5ab8cb,incidents,heldout-incident-18,5db6b9b8-4bbf-405d-908f-6e26dccc6ca6,decisions,gpt-6-luna,ok,check_website,0.47,168.97420900000725,5.15e-05,"{'input_tokens': 515, 'input_tokens_details': {'cached_tokens': 0, 'cache_write_tokens': 0}, 'output_tokens': 0, 'output_tokens_details': {'reasoning_tokens': 0}, 'total_tokens': 515}",
172023d7-b0bd-4808-817d-c7f5cd5ab8cb,incidents,heldout-incident-18,e1db1370-5144-44d5-b927-7030d0ccd438,decisions,gpt-6-luna,ok,check_auth,0.94,112.35629200004041,5.21e-05,"{'input_tokens': 521, 'input_tokens_details': {'cached_tokens': 0, 'cache_write_tokens': 0}, 'output_tokens': 0, 'output_tokens_details': {'reasoning_tokens': 0}, 'total_tokens': 521}",
172023d7-b0bd-4808-817d-c7f5cd5ab8cb,incidents,heldout-incident-18,a3fde697-459d-43be-8475-f4f61c1f7ce1,jev,jev-1.13.0,ok,check_auth,0.58,154.55024999997113,3.3642e-05,"{'input_tokens': 801, 'output_tokens': 112}",
172023d7-b0bd-4808-817d-c7f5cd5ab8cb,incidents,heldout-incident-18,16502727-484d-460e-8b87-97db51b14473,decisions,gpt-6-luna,ok,check_payments,0.98,106.39599999994971,5.2600000000000005e-05,"{'input_tokens': 526, 'input_tokens_details': {'cached_tokens': 0, 'cache_write_tokens': 0}, 'output_tokens': 0, 'output_tokens_details': {'reasoning_tokens': 0}, 'total_tokens': 526}",
172023d7-b0bd-4808-817d-c7f5cd5ab8cb,incidents,heldout-incident-18,b5627021-352b-44e5-aaa1-5cd27debaebb,jev,jev-1.13.0,ok,check_payments,0.78,164.52800000004936,3.3558e-05,"{'input_tokens': 799, 'output_tokens': 105}",
172023d7-b0bd-4808-817d-c7f5cd5ab8cb,incidents,heldout-incident-18,80dabf66-82a4-4b70-8ac3-0d7285b08099,decisions,gpt-6-luna,ok,check_database,0.99,166.1506250000093,5.31e-05,"{'input_tokens': 531, 'input_tokens_details': {'cached_tokens': 0, 'cache_write_tokens': 0}, 'output_tokens': 0, 'output_tokens_details': {'reasoning_tokens': 0}, 'total_tokens': 531}",
172023d7-b0bd-4808-817d-c7f5cd5ab8cb,incidents,heldout-incident-18,8d014264-28c6-43fe-8075-4bdf2cb7cd50,jev,jev-1.13.0,ok,check_database,0.58,179.71420799999032,3.3474000000000005e-05,"{'input_tokens': 797, 'output_tokens': 95}",
172023d7-b0bd-4808-817d-c7f5cd5ab8cb,incidents,heldout-incident-18,c03ac9ee-f54c-4a89-abfc-35fcf9c90afb,decisions,gpt-6-luna,ok,check_external,0.94,124.859375,5.36e-05,"{'input_tokens': 536, 'input_tokens_details': {'cached_tokens': 0, 'cache_write_tokens': 0}, 'output_tokens': 0, 'output_tokens_details': {'reasoning_tokens': 0}, 'total_tokens': 536}",
172023d7-b0bd-4808-817d-c7f5cd5ab8cb,incidents,heldout-incident-18,8df9d13f-fdbd-4792-8d85-d1215d3a410f,jev,jev-1.13.0,ok,check_external,0.72,365.81125000002794,3.3390000000000004e-05,"{'input_tokens': 795, 'output_tokens': 87}",
172023d7-b0bd-4808-817d-c7f5cd5ab8cb,incidents,heldout-incident-18,343e2be3-7917-4278-9917-10c891dc2307,jev,jev-1.13.0,ok,escalate,1,191.85966600000393,3.3306e-05,"{'input_tokens': 793, 'output_tokens': 80}",True
172023d7-b0bd-4808-817d-c7f5cd5ab8cb,incidents,heldout-incident-18,4093e508-738a-4356-a079-f14050788d2d,decisions,gpt-6-luna,ok,escalate,1,191.96629200002644,5.41e-05,"{'input_tokens': 541, 'input_tokens_details': {'cached_tokens': 0, 'cache_write_tokens': 0}, 'output_tokens': 0, 'output_tokens_details': {'reasoning_tokens': 0}, 'total_tokens': 541}",True
c611393e-c708-4c6b-9d74-9b37a9bd8593,incidents,heldout-incident-19,a943588e-a28e-4ade-9c4a-1cc874e0ec80,decisions,gpt-6-luna,ok,check_website,0.9,126.34958400006872,5.22e-05,"{'input_tokens': 522, 'input_tokens_details': {'cached_tokens': 0, 'cache_write_tokens': 0}, 'output_tokens': 0, 'output_tokens_details': {'reasoning_tokens': 0}, 'total_tokens': 522}",
c611393e-c708-4c6b-9d74-9b37a9bd8593,incidents,heldout-incident-19,ea791e49-9e09-4c6b-b518-3f5c966f6945,jev,jev-1.13.0,ok,check_website,0.92,198.29200000001583,3.4104e-05,"{'input_tokens': 812, 'output_tokens': 122}",
c611393e-c708-4c6b-9d74-9b37a9bd8593,incidents,heldout-incident-19,ef44716d-f210-4800-b7d4-a6b6a9ea8e15,decisions,gpt-6-luna,ok,diagnose_website,0.4,102.8969999999972,5.28e-05,"{'input_tokens': 528, 'input_tokens_details': {'cached_tokens': 0, 'cache_write_tokens': 0}, 'output_tokens': 0, 'output_tokens_details': {'reasoning_tokens': 0}, 'total_tokens': 528}",True
c611393e-c708-4c6b-9d74-9b37a9bd8593,incidents,heldout-incident-19,d9daf4f8-9114-4626-b618-e9d8b7ea4ad0,jev,jev-1.13.0,ok,diagnose_website,0.93,281.3954580000136,3.406200000000001e-05,"{'input_tokens': 811, 'output_tokens': 115}",True
b53c2681-24a7-4f5e-97be-61caa6eff18c,incidents,heldout-incident-20,95b4f5e6-019f-46f1-a701-f738b33fa013,jev,jev-1.13.0,ok,check_auth,0.78,142.12712499999907,3.3894000000000004e-05,"{'input_tokens': 807, 'output_tokens': 121}",
b53c2681-24a7-4f5e-97be-61caa6eff18c,incidents,heldout-incident-20,e04d8a9d-6618-4968-b576-0db0dbac511a,decisions,gpt-6-luna,ok,check_auth,0.91,142.0625829999335,5.17e-05,"{'input_tokens': 517, 'input_tokens_details': {'cached_tokens': 0, 'cache_write_tokens': 0}, 'output_tokens': 0, 'output_tokens_details': {'reasoning_tokens': 0}, 'total_tokens': 517}",
b53c2681-24a7-4f5e-97be-61caa6eff18c,incidents,heldout-incident-20,c38290d0-49c3-48c8-8e74-3a62dfc3590b,jev,jev-1.13.0,ok,diagnose_auth,0.96,169.1152079999447,3.385200000000001e-05,"{'input_tokens': 806, 'output_tokens': 115}",True
b53c2681-24a7-4f5e-97be-61caa6eff18c,incidents,heldout-incident-20,c46aa525-87c5-475a-9a04-b95e00946fbe,decisions,gpt-6-luna,ok,diagnose_auth,0.78,182.71537500002887,5.2300000000000004e-05,"{'input_tokens': 523, 'input_tokens_details': {'cached_tokens': 0, 'cache_write_tokens': 0}, 'output_tokens': 0, 'output_tokens_details': {'reasoning_tokens': 0}, 'total_tokens': 523}",True
bae617fa-4efd-4827-b1d5-3202f94fea3a,incidents,heldout-incident-21,424cfe17-6f06-4665-a503-f2711269e419,decisions,gpt-6-luna,ok,check_payments,0.53,119.38562499999534,5.14e-05,"{'input_tokens': 514, 'input_tokens_details': {'cached_tokens': 0, 'cache_write_tokens': 0}, 'output_tokens': 0, 'output_tokens_details': {'reasoning_tokens': 0}, 'total_tokens': 514}",
bae617fa-4efd-4827-b1d5-3202f94fea3a,incidents,heldout-incident-21,8c518db9-1e79-49a9-a4c2-84143d675cb2,jev,jev-1.13.0,ok,check_payments,0.74,194.40587499993853,3.3684000000000005e-05,"{'input_tokens': 802, 'output_tokens': 122}",
bae617fa-4efd-4827-b1d5-3202f94fea3a,incidents,heldout-incident-21,225e79f6-16fb-4836-81bc-802b1ab72e60,decisions,gpt-6-luna,ok,diagnose_payments,0.99,105.03224999993108,5.2e-05,"{'input_tokens': 520, 'input_tokens_details': {'cached_tokens': 0, 'cache_write_tokens': 0}, 'output_tokens': 0, 'output_tokens_details': {'reasoning_tokens': 0}, 'total_tokens': 520}",True
bae617fa-4efd-4827-b1d5-3202f94fea3a,incidents,heldout-incident-21,fbbdc1d6-5cda-4225-a48b-0ac09e615b7c,jev,jev-1.13.0,ok,diagnose_payments,0.99,219.43299999996088,3.3642e-05,"{'input_tokens': 801, 'output_tokens': 115}",True
ae87f3bc-28b5-4edb-9e38-4bc4e48b5642,incidents,heldout-incident-22,e44e618b-bca5-44bf-941e-bad89d82e912,decisions,gpt-6-luna,ok,check_website,0.33,143.25816700002179,5.17e-05,"{'input_tokens': 517, 'input_tokens_details': {'cached_tokens': 0, 'cache_write_tokens': 0}, 'output_tokens': 0, 'output_tokens_details': {'reasoning_tokens': 0}, 'total_tokens': 517}",
ae87f3bc-28b5-4edb-9e38-4bc4e48b5642,incidents,heldout-incident-22,384dccec-ff91-4c18-bbfb-32e4658a930b,jev,jev-1.13.0,ok,check_database,0.49,163.71933399990667,3.385200000000001e-05,"{'input_tokens': 806, 'output_tokens': 121}",
ae87f3bc-28b5-4edb-9e38-4bc4e48b5642,incidents,heldout-incident-22,e95303bc-844c-4be5-8daa-689a0c193b3a,decisions,gpt-6-luna,ok,check_auth,0.88,101.10716700006742,5.2300000000000004e-05,"{'input_tokens': 523, 'input_tokens_details': {'cached_tokens': 0, 'cache_write_tokens': 0}, 'output_tokens': 0, 'output_tokens_details': {'reasoning_tokens': 0}, 'total_tokens': 523}",
ae87f3bc-28b5-4edb-9e38-4bc4e48b5642,incidents,heldout-incident-22,90270efe-70f5-47e7-9fd8-1de1cb5c4ac7,jev,jev-1.13.0,ok,diagnose_database,0.99,135.53183399990667,3.381e-05,"{'input_tokens': 805, 'output_tokens': 115}",True
ae87f3bc-28b5-4edb-9e38-4bc4e48b5642,incidents,heldout-incident-22,e3042bde-5b5e-40ae-9f03-4aa66403c56c,decisions,gpt-6-luna,ok,check_payments,0.97,115.52087499992922,5.28e-05,"{'input_tokens': 528, 'input_tokens_details': {'cached_tokens': 0, 'cache_write_tokens': 0}, 'output_tokens': 0, 'output_tokens_details': {'reasoning_tokens': 0}, 'total_tokens': 528}",
ae87f3bc-28b5-4edb-9e38-4bc4e48b5642,incidents,heldout-incident-22,7396f1c8-2161-499c-b054-bd11bad4ee3c,decisions,gpt-6-luna,ok,check_database,0.97,131.6680420000339,5.33e-05,"{'input_tokens': 533, 'input_tokens_details': {'cached_tokens': 0, 'cache_write_tokens': 0}, 'output_tokens': 0, 'output_tokens_details': {'reasoning_tokens': 0}, 'total_tokens': 533}",
ae87f3bc-28b5-4edb-9e38-4bc4e48b5642,incidents,heldout-incident-22,26fce1b3-1e89-4460-b7a0-a8dcfd8368f0,decisions,gpt-6-luna,ok,diagnose_database,0.8,97.62787500000559,5.380000000000001e-05,"{'input_tokens': 538, 'input_tokens_details': {'cached_tokens': 0, 'cache_write_tokens': 0}, 'output_tokens': 0, 'output_tokens_details': {'reasoning_tokens': 0}, 'total_tokens': 538}",True
9e4a24d0-f933-4eb4-92de-704a13e6eedf,incidents,heldout-incident-23,212876a7-994c-4ca3-8ee2-55965e1e530c,decisions,gpt-6-luna,ok,check_payments,0.53,108.01495799992699,5.14e-05,"{'input_tokens': 514, 'input_tokens_details': {'cached_tokens': 0, 'cache_write_tokens': 0}, 'output_tokens': 0, 'output_tokens_details': {'reasoning_tokens': 0}, 'total_tokens': 514}",
9e4a24d0-f933-4eb4-92de-704a13e6eedf,incidents,heldout-incident-23,19a79cf0-0a28-46a4-84a1-818aad9d6ed0,jev,jev-1.13.0,ok,check_payments,0.73,182.80195799993817,3.3684000000000005e-05,"{'input_tokens': 802, 'output_tokens': 122}",
9e4a24d0-f933-4eb4-92de-704a13e6eedf,incidents,heldout-incident-23,089d8cc0-5f0e-4957-96f1-5fd873f8e612,decisions,gpt-6-luna,ok,check_website,0.72,165.20208299998194,5.2e-05,"{'input_tokens': 520, 'input_tokens_details': {'cached_tokens': 0, 'cache_write_tokens': 0}, 'output_tokens': 0, 'output_tokens_details': {'reasoning_tokens': 0}, 'total_tokens': 520}",
9e4a24d0-f933-4eb4-92de-704a13e6eedf,incidents,heldout-incident-23,de4d2c1a-4a1a-4036-9f26-e4b4ce58390b,jev,jev-1.13.0,ok,check_database,0.26,222.8282079999335,3.3642e-05,"{'input_tokens': 801, 'output_tokens': 112}",
9e4a24d0-f933-4eb4-92de-704a13e6eedf,incidents,heldout-incident-23,3a9b7b5c-14e3-4d33-9c7d-96ff0be3c8de,decisions,gpt-6-luna,ok,check_auth,0.64,114.15525000006892,5.25e-05,"{'input_tokens': 525, 'input_tokens_details': {'cached_tokens': 0, 'cache_write_tokens': 0}, 'output_tokens': 0, 'output_tokens_details': {'reasoning_tokens': 0}, 'total_tokens': 525}",
9e4a24d0-f933-4eb4-92de-704a13e6eedf,incidents,heldout-incident-23,c62c0793-a9a3-4de8-adf3-b3e468c5bfe4,jev,jev-1.13.0,ok,check_external,0.35,136.42358300008345,3.3558e-05,"{'input_tokens': 799, 'output_tokens': 104}",
9e4a24d0-f933-4eb4-92de-704a13e6eedf,incidents,heldout-incident-23,66858568-d8cd-4efa-a76b-3e36674e6de8,decisions,gpt-6-luna,ok,check_database,0.95,172.516707999981,5.3e-05,"{'input_tokens': 530, 'input_tokens_details': {'cached_tokens': 0, 'cache_write_tokens': 0}, 'output_tokens': 0, 'output_tokens_details': {'reasoning_tokens': 0}, 'total_tokens': 530}",
9e4a24d0-f933-4eb4-92de-704a13e6eedf,incidents,heldout-incident-23,a0fe1b56-eab4-4257-aa03-94adba529a4d,jev,jev-1.13.0,ok,diagnose_external,0.99,189.20470799994655,3.3474000000000005e-05,"{'input_tokens': 797, 'output_tokens': 98}",True
9e4a24d0-f933-4eb4-92de-704a13e6eedf,incidents,heldout-incident-23,74b8794a-cd0d-4289-bb66-cb3202905533,decisions,gpt-6-luna,ok,check_external,0.89,177.8397910000058,5.35e-05,"{'input_tokens': 535, 'input_tokens_details': {'cached_tokens': 0, 'cache_write_tokens': 0}, 'output_tokens': 0, 'output_tokens_details': {'reasoning_tokens': 0}, 'total_tokens': 535}",
9e4a24d0-f933-4eb4-92de-704a13e6eedf,incidents,heldout-incident-23,b4b656fe-6459-4a3b-b640-605c6d656823,decisions,gpt-6-luna,ok,diagnose_external,0.93,162.22929200006183,5.4e-05,"{'input_tokens': 540, 'input_tokens_details': {'cached_tokens': 0, 'cache_write_tokens': 0}, 'output_tokens': 0, 'output_tokens_details': {'reasoning_tokens': 0}, 'total_tokens': 540}",True
231e6d09-0bbf-4ac3-a38f-b9e67423b39e,incidents,heldout-incident-24,809caa45-75d9-43d2-9272-69a2940ffe27,jev,jev-1.13.0,ok,check_database,0.44,177.50250000006054,3.385200000000001e-05,"{'input_tokens': 806, 'output_tokens': 121}",
231e6d09-0bbf-4ac3-a38f-b9e67423b39e,incidents,heldout-incident-24,7bd139aa-ad82-4596-942c-a350ca9754f3,decisions,gpt-6-luna,ok,check_website,0.6,177.1700000000419,5.16e-05,"{'input_tokens': 516, 'input_tokens_details': {'cached_tokens': 0, 'cache_write_tokens': 0}, 'output_tokens': 0, 'output_tokens_details': {'reasoning_tokens': 0}, 'total_tokens': 516}",
231e6d09-0bbf-4ac3-a38f-b9e67423b39e,incidents,heldout-incident-24,4530f6f8-e6be-4b69-80ce-114f3430e424,decisions,gpt-6-luna,ok,check_auth,0.84,116.82200000004377,5.22e-05,"{'input_tokens': 522, 'input_tokens_details': {'cached_tokens': 0, 'cache_write_tokens': 0}, 'output_tokens': 0, 'output_tokens_details': {'reasoning_tokens': 0}, 'total_tokens': 522}",
231e6d09-0bbf-4ac3-a38f-b9e67423b39e,incidents,heldout-incident-24,c0f73316-c717-42f7-9ab5-633c5ba8efe4,jev,jev-1.13.0,ok,check_website,0.27,143.11166699999012,3.381e-05,"{'input_tokens': 805, 'output_tokens': 114}",
231e6d09-0bbf-4ac3-a38f-b9e67423b39e,incidents,heldout-incident-24,6b503d7a-5c0d-4b3d-8f71-1c097711fc09,decisions,gpt-6-luna,ok,check_payments,0.98,128.38312500005122,5.27e-05,"{'input_tokens': 527, 'input_tokens_details': {'cached_tokens': 0, 'cache_write_tokens': 0}, 'output_tokens': 0, 'output_tokens_details': {'reasoning_tokens': 0}, 'total_tokens': 527}",
231e6d09-0bbf-4ac3-a38f-b9e67423b39e,incidents,heldout-incident-24,5c18b20f-0445-4bed-990a-24fcda09f156,jev,jev-1.13.0,ok,check_auth,0.64,208.03479199996218,3.3726e-05,"{'input_tokens': 803, 'output_tokens': 104}",
231e6d09-0bbf-4ac3-a38f-b9e67423b39e,incidents,heldout-incident-24,02b8e1d7-e26d-4994-b5ae-2eea40ccbebd,decisions,gpt-6-luna,ok,check_database,1,142.50049999996554,5.3200000000000006e-05,"{'input_tokens': 532, 'input_tokens_details': {'cached_tokens': 0, 'cache_write_tokens': 0}, 'output_tokens': 0, 'output_tokens_details': {'reasoning_tokens': 0}, 'total_tokens': 532}",
231e6d09-0bbf-4ac3-a38f-b9e67423b39e,incidents,heldout-incident-24,89ff99f5-2644-4bb1-bb26-01c81a5e3477,jev,jev-1.13.0,ok,check_payments,0.9,222.02249999996275,3.3642e-05,"{'input_tokens': 801, 'output_tokens': 97}",
231e6d09-0bbf-4ac3-a38f-b9e67423b39e,incidents,heldout-incident-24,321c966f-0b97-4813-964f-1febb622699f,decisions,gpt-6-luna,ok,check_external,0.8,168.44391699996777,5.3700000000000004e-05,"{'input_tokens': 537, 'input_tokens_details': {'cached_tokens': 0, 'cache_write_tokens': 0}, 'output_tokens': 0, 'output_tokens_details': {'reasoning_tokens': 0}, 'total_tokens': 537}",
231e6d09-0bbf-4ac3-a38f-b9e67423b39e,incidents,heldout-incident-24,9cb94f0e-7568-4cbe-b981-ab591210c767,jev,jev-1.13.0,ok,check_external,0.69,175.61008299991954,3.3558e-05,"{'input_tokens': 799, 'output_tokens': 87}",
231e6d09-0bbf-4ac3-a38f-b9e67423b39e,incidents,heldout-incident-24,066cca93-a2e4-48e5-a36a-b73f73236e8d,decisions,gpt-6-luna,ok,escalate,1,148.69658400001936,5.42e-05,"{'input_tokens': 542, 'input_tokens_details': {'cached_tokens': 0, 'cache_write_tokens': 0}, 'output_tokens': 0, 'output_tokens_details': {'reasoning_tokens': 0}, 'total_tokens': 542}",True
231e6d09-0bbf-4ac3-a38f-b9e67423b39e,incidents,heldout-incident-24,1939f0f2-8a50-4cc8-bc5b-72c3befc6179,jev,jev-1.13.0,ok,escalate,1,171.05108300002757,3.3474000000000005e-05,"{'input_tokens': 797, 'output_tokens': 80}",True
7e45bb09-9f05-4a8d-9392-7ec51ef504a7,incidents,heldout-incident-25,52c64f9f-2b94-4e34-b83a-0eff5a5508b1,jev,jev-1.13.0,ok,check_website,0.94,173.90999999991618,3.3978e-05,"{'input_tokens': 809, 'output_tokens': 122}",
7e45bb09-9f05-4a8d-9392-7ec51ef504a7,incidents,heldout-incident-25,0a22bb9e-4d5d-4483-a5d3-5538b64b4ebb,decisions,gpt-6-luna,ok,check_website,0.84,257.9599589999998,5.190000000000001e-05,"{'input_tokens': 519, 'input_tokens_details': {'cached_tokens': 0, 'cache_write_tokens': 0}, 'output_tokens': 0, 'output_tokens_details': {'reasoning_tokens': 0}, 'total_tokens': 519}",
7e45bb09-9f05-4a8d-9392-7ec51ef504a7,incidents,heldout-incident-25,fa8a3a12-4e4c-426a-a013-b22b3e04bf0a,decisions,gpt-6-luna,ok,check_auth,0.23,99.59995800000615,5.25e-05,"{'input_tokens': 525, 'input_tokens_details': {'cached_tokens': 0, 'cache_write_tokens': 0}, 'output_tokens': 0, 'output_tokens_details': {'reasoning_tokens': 0}, 'total_tokens': 525}",
7e45bb09-9f05-4a8d-9392-7ec51ef504a7,incidents,heldout-incident-25,7bc6d69f-5ca6-4275-af02-af1e5bfd964d,jev,jev-1.13.0,ok,diagnose_website,0.92,189.06433299998753,3.3936e-05,"{'input_tokens': 808, 'output_tokens': 115}",True
7e45bb09-9f05-4a8d-9392-7ec51ef504a7,incidents,heldout-incident-25,0865e9dc-2333-4a46-a656-e9b27caf1c6a,decisions,gpt-6-luna,ok,diagnose_website,0.63,113.97950000001583,5.3e-05,"{'input_tokens': 530, 'input_tokens_details': {'cached_tokens': 0, 'cache_write_tokens': 0}, 'output_tokens': 0, 'output_tokens_details': {'reasoning_tokens': 0}, 'total_tokens': 530}",True
62a5c991-d494-4d78-96a5-40f2d91e6e92,incidents,heldout-incident-26,039092d9-41d1-48c7-afed-718e327bebc7,decisions,gpt-6-luna,ok,check_auth,0.95,138.53670900000725,5.190000000000001e-05,"{'input_tokens': 519, 'input_tokens_details': {'cached_tokens': 0, 'cache_write_tokens': 0}, 'output_tokens': 0, 'output_tokens_details': {'reasoning_tokens': 0}, 'total_tokens': 519}",
62a5c991-d494-4d78-96a5-40f2d91e6e92,incidents,heldout-incident-26,892e6741-dc91-49f1-9578-d3f697943420,jev,jev-1.13.0,ok,check_auth,0.8,199.8047909999732,3.3894000000000004e-05,"{'input_tokens': 807, 'output_tokens': 121}",
62a5c991-d494-4d78-96a5-40f2d91e6e92,incidents,heldout-incident-26,3fb19c31-6cb1-4864-8cdf-2890c97fc2c7,decisions,gpt-6-luna,ok,diagnose_auth,0.98,117.26775000011548,5.25e-05,"{'input_tokens': 525, 'input_tokens_details': {'cached_tokens': 0, 'cache_write_tokens': 0}, 'output_tokens': 0, 'output_tokens_details': {'reasoning_tokens': 0}, 'total_tokens': 525}",True
62a5c991-d494-4d78-96a5-40f2d91e6e92,incidents,heldout-incident-26,7df58e8b-8a0f-48fe-9244-a9f816c35381,jev,jev-1.13.0,ok,diagnose_auth,0.96,142.47329200000968,3.385200000000001e-05,"{'input_tokens': 806, 'output_tokens': 115}",True
872d9b22-c510-4c63-8805-a4a8cbad8cb5,incidents,heldout-incident-27,0118966d-d405-4b61-a9bd-f4dfdb7f4fe0,decisions,gpt-6-luna,ok,check_website,0.53,108.38966599991545,5.16e-05,"{'input_tokens': 516, 'input_tokens_details': {'cached_tokens': 0, 'cache_write_tokens': 0}, 'output_tokens': 0, 'output_tokens_details': {'reasoning_tokens': 0}, 'total_tokens': 516}",
872d9b22-c510-4c63-8805-a4a8cbad8cb5,incidents,heldout-incident-27,e27ec6b2-59c7-456a-b2df-e3505d637b2f,jev,jev-1.13.0,ok,check_payments,0.67,152.6980409999378,3.3768e-05,"{'input_tokens': 804, 'output_tokens': 122}",
872d9b22-c510-4c63-8805-a4a8cbad8cb5,incidents,heldout-incident-27,b70e45a1-f2be-4289-9cca-7ceb177e5eed,decisions,gpt-6-luna,ok,check_payments,0.61,123.9071249999106,5.22e-05,"{'input_tokens': 522, 'input_tokens_details': {'cached_tokens': 0, 'cache_write_tokens': 0}, 'output_tokens': 0, 'output_tokens_details': {'reasoning_tokens': 0}, 'total_tokens': 522}",
872d9b22-c510-4c63-8805-a4a8cbad8cb5,incidents,heldout-incident-27,6ddfcaaa-25c1-4456-94f5-4c7ed76be2e8,jev,jev-1.13.0,ok,diagnose_payments,0.98,139.90595799998846,3.3726e-05,"{'input_tokens': 803, 'output_tokens': 115}",True
872d9b22-c510-4c63-8805-a4a8cbad8cb5,incidents,heldout-incident-27,0f1d2696-ec80-434d-aa52-40d5271aa431,decisions,gpt-6-luna,ok,diagnose_payments,0.98,162.40625,5.27e-05,"{'input_tokens': 527, 'input_tokens_details': {'cached_tokens': 0, 'cache_write_tokens': 0}, 'output_tokens': 0, 'output_tokens_details': {'reasoning_tokens': 0}, 'total_tokens': 527}",True
9740adb3-05bf-4a67-b573-17b0f99b8b8c,incidents,heldout-incident-28,fbcbb060-2671-427f-9cf3-08b8dc04d4f9,jev,jev-1.13.0,ok,check_website,0.32,135.1401659999974,3.3726e-05,"{'input_tokens': 803, 'output_tokens': 122}",
9740adb3-05bf-4a67-b573-17b0f99b8b8c,incidents,heldout-incident-28,31553501-5d25-409f-9846-47fddd830fbf,decisions,gpt-6-luna,ok,check_website,0.43,147.09316599997692,5.15e-05,"{'input_tokens': 515, 'input_tokens_details': {'cached_tokens': 0, 'cache_write_tokens': 0}, 'output_tokens': 0, 'output_tokens_details': {'reasoning_tokens': 0}, 'total_tokens': 515}",
9740adb3-05bf-4a67-b573-17b0f99b8b8c,incidents,heldout-incident-28,1fd6f10f-a4c8-4cf8-8d8e-7885f0b4afa8,decisions,gpt-6-luna,ok,check_auth,0.98,109.54462499998044,5.21e-05,"{'input_tokens': 521, 'input_tokens_details': {'cached_tokens': 0, 'cache_write_tokens': 0}, 'output_tokens': 0, 'output_tokens_details': {'reasoning_tokens': 0}, 'total_tokens': 521}",
9740adb3-05bf-4a67-b573-17b0f99b8b8c,incidents,heldout-incident-28,9d78511e-f11a-42d7-9037-f09e63b8aa87,jev,jev-1.13.0,ok,check_auth,0.87,148.12274999998044,3.3684000000000005e-05,"{'input_tokens': 802, 'output_tokens': 112}",
9740adb3-05bf-4a67-b573-17b0f99b8b8c,incidents,heldout-incident-28,db148599-115d-464c-ac3a-87df2f1920f4,decisions,gpt-6-luna,ok,check_payments,0.99,127.49220800003968,5.2600000000000005e-05,"{'input_tokens': 526, 'input_tokens_details': {'cached_tokens': 0, 'cache_write_tokens': 0}, 'output_tokens': 0, 'output_tokens_details': {'reasoning_tokens': 0}, 'total_tokens': 526}",
9740adb3-05bf-4a67-b573-17b0f99b8b8c,incidents,heldout-incident-28,c1690ab3-698d-4359-bca6-b7db69df02d3,jev,jev-1.13.0,ok,check_payments,0.88,144.8543340000324,3.3600000000000004e-05,"{'input_tokens': 800, 'output_tokens': 105}",
9740adb3-05bf-4a67-b573-17b0f99b8b8c,incidents,heldout-incident-28,62d14d1e-4310-4915-9736-6892661000f1,decisions,gpt-6-luna,ok,check_database,0.98,105.24816600000486,5.31e-05,"{'input_tokens': 531, 'input_tokens_details': {'cached_tokens': 0, 'cache_write_tokens': 0}, 'output_tokens': 0, 'output_tokens_details': {'reasoning_tokens': 0}, 'total_tokens': 531}",
9740adb3-05bf-4a67-b573-17b0f99b8b8c,incidents,heldout-incident-28,8c8c9b49-7944-4e48-9a1f-f932d833449c,jev,jev-1.13.0,ok,check_database,0.74,145.63329200004227,3.3516e-05,"{'input_tokens': 798, 'output_tokens': 95}",
9740adb3-05bf-4a67-b573-17b0f99b8b8c,incidents,heldout-incident-28,c1a62686-1acd-4630-b652-0905f62d22cc,decisions,gpt-6-luna,ok,diagnose_database,0.99,134.4942919999594,5.36e-05,"{'input_tokens': 536, 'input_tokens_details': {'cached_tokens': 0, 'cache_write_tokens': 0}, 'output_tokens': 0, 'output_tokens_details': {'reasoning_tokens': 0}, 'total_tokens': 536}",True
9740adb3-05bf-4a67-b573-17b0f99b8b8c,incidents,heldout-incident-28,46cc7e44-d45a-46c6-957e-9036562fb737,jev,jev-1.13.0,ok,diagnose_database,0.99,139.28441600000951,3.3432e-05,"{'input_tokens': 796, 'output_tokens': 89}",True
805d892b-19d4-40e9-98a3-937572a506d4,incidents,heldout-incident-29,658c845c-58f9-44e7-bb0a-f73cc3c8c886,decisions,gpt-6-luna,ok,check_website,0.53,163.3045840000268,5.16e-05,"{'input_tokens': 516, 'input_tokens_details': {'cached_tokens': 0, 'cache_write_tokens': 0}, 'output_tokens': 0, 'output_tokens_details': {'reasoning_tokens': 0}, 'total_tokens': 516}",
805d892b-19d4-40e9-98a3-937572a506d4,incidents,heldout-incident-29,617c511c-1159-4a31-827a-a82bfd2ea599,jev,jev-1.13.0,ok,check_payments,0.7,258.4400410000235,3.3768e-05,"{'input_tokens': 804, 'output_tokens': 122}",
805d892b-19d4-40e9-98a3-937572a506d4,incidents,heldout-incident-29,5683c636-0eea-42a6-bdff-83e0732f0795,decisions,gpt-6-luna,ok,check_payments,0.61,102.52383299998473,5.22e-05,"{'input_tokens': 522, 'input_tokens_details': {'cached_tokens': 0, 'cache_write_tokens': 0}, 'output_tokens': 0, 'output_tokens_details': {'reasoning_tokens': 0}, 'total_tokens': 522}",
805d892b-19d4-40e9-98a3-937572a506d4,incidents,heldout-incident-29,c39503c2-6400-4457-aab0-7904808385d5,jev,jev-1.13.0,ok,check_website,0.26,322.88408300001174,3.3726e-05,"{'input_tokens': 803, 'output_tokens': 113}",
805d892b-19d4-40e9-98a3-937572a506d4,incidents,heldout-incident-29,315e8630-0df6-43ed-b586-09a52028da7f,decisions,gpt-6-luna,ok,check_auth,0.92,138.96779199992307,5.27e-05,"{'input_tokens': 527, 'input_tokens_details': {'cached_tokens': 0, 'cache_write_tokens': 0}, 'output_tokens': 0, 'output_tokens_details': {'reasoning_tokens': 0}, 'total_tokens': 527}",
805d892b-19d4-40e9-98a3-937572a506d4,incidents,heldout-incident-29,7ad2af40-c32d-432b-8324-7833b02c61bc,jev,jev-1.13.0,ok,check_auth,0.64,219.53833400004078,3.3642e-05,"{'input_tokens': 801, 'output_tokens': 103}",
805d892b-19d4-40e9-98a3-937572a506d4,incidents,heldout-incident-29,9a4ba960-faa3-4134-b519-98c1326aedc2,decisions,gpt-6-luna,ok,check_database,0.99,106.57512499997392,5.3200000000000006e-05,"{'input_tokens': 532, 'input_tokens_details': {'cached_tokens': 0, 'cache_write_tokens': 0}, 'output_tokens': 0, 'output_tokens_details': {'reasoning_tokens': 0}, 'total_tokens': 532}",
805d892b-19d4-40e9-98a3-937572a506d4,incidents,heldout-incident-29,4db2fd4a-fee4-47e7-86d8-cdc8b0eecbaa,jev,jev-1.13.0,ok,check_database,0.76,142.99016599997412,3.3558e-05,"{'input_tokens': 799, 'output_tokens': 95}",
805d892b-19d4-40e9-98a3-937572a506d4,incidents,heldout-incident-29,cdead320-60d8-489c-b8e7-86d871b614b9,decisions,gpt-6-luna,ok,check_external,0.69,149.60229199996684,5.3700000000000004e-05,"{'input_tokens': 537, 'input_tokens_details': {'cached_tokens': 0, 'cache_write_tokens': 0}, 'output_tokens': 0, 'output_tokens_details': {'reasoning_tokens': 0}, 'total_tokens': 537}",
805d892b-19d4-40e9-98a3-937572a506d4,incidents,heldout-incident-29,7448c2fa-a64f-435e-93c9-471fc41acb6f,jev,jev-1.13.0,ok,check_external,0.77,198.2438329999568,3.3474000000000005e-05,"{'input_tokens': 797, 'output_tokens': 87}",
805d892b-19d4-40e9-98a3-937572a506d4,incidents,heldout-incident-29,29b1257d-9aeb-4a21-bfa4-8f73030e10d7,decisions,gpt-6-luna,ok,diagnose_external,0.8,109.43166700005531,5.42e-05,"{'input_tokens': 542, 'input_tokens_details': {'cached_tokens': 0, 'cache_write_tokens': 0}, 'output_tokens': 0, 'output_tokens_details': {'reasoning_tokens': 0}, 'total_tokens': 542}",True
805d892b-19d4-40e9-98a3-937572a506d4,incidents,heldout-incident-29,280087d7-3623-45a6-afbd-d681bbe4c95c,jev,jev-1.13.0,ok,diagnose_external,0.99,142.17716600000858,3.3390000000000004e-05,"{'input_tokens': 795, 'output_tokens': 81}",True
eb979b54-d50a-4b37-aeda-bd9e862471a0,incidents,heldout-incident-30,df4b00bf-20d4-4639-9b12-61f33de889d1,decisions,gpt-6-luna,ok,check_website,0.34,133.73499999998603,5.15e-05,"{'input_tokens': 515, 'input_tokens_details': {'cached_tokens': 0, 'cache_write_tokens': 0}, 'output_tokens': 0, 'output_tokens_details': {'reasoning_tokens': 0}, 'total_tokens': 515}",
eb979b54-d50a-4b37-aeda-bd9e862471a0,incidents,heldout-incident-30,da6422b7-abe6-4328-bba9-19d5413ea2cc,jev,jev-1.13.0,ok,check_website,0.47,279.95391599996947,3.3726e-05,"{'input_tokens': 803, 'output_tokens': 122}",
eb979b54-d50a-4b37-aeda-bd9e862471a0,incidents,heldout-incident-30,dfc90c16-8290-424d-8df5-6e951e0646c7,decisions,gpt-6-luna,ok,check_auth,0.98,106.7221670000581,5.21e-05,"{'input_tokens': 521, 'input_tokens_details': {'cached_tokens': 0, 'cache_write_tokens': 0}, 'output_tokens': 0, 'output_tokens_details': {'reasoning_tokens': 0}, 'total_tokens': 521}",
eb979b54-d50a-4b37-aeda-bd9e862471a0,incidents,heldout-incident-30,429e7009-0021-4bef-97a3-7b963b26c414,jev,jev-1.13.0,ok,check_auth,0.69,153.2522090000566,3.3684000000000005e-05,"{'input_tokens': 802, 'output_tokens': 112}",
eb979b54-d50a-4b37-aeda-bd9e862471a0,incidents,heldout-incident-30,6bb31b1e-8767-435f-a53d-51185f9d569a,jev,jev-1.13.0,ok,check_payments,0.85,133.98533299996052,3.3600000000000004e-05,"{'input_tokens': 800, 'output_tokens': 105}",
eb979b54-d50a-4b37-aeda-bd9e862471a0,incidents,heldout-incident-30,d7ba8a62-12e1-4058-aa27-b07d527e9947,decisions,gpt-6-luna,ok,check_payments,0.99,149.4568750000326,5.2600000000000005e-05,"{'input_tokens': 526, 'input_tokens_details': {'cached_tokens': 0, 'cache_write_tokens': 0}, 'output_tokens': 0, 'output_tokens_details': {'reasoning_tokens': 0}, 'total_tokens': 526}",
eb979b54-d50a-4b37-aeda-bd9e862471a0,incidents,heldout-incident-30,1b53ed8f-eb02-4394-921e-2882c8e3d4b4,decisions,gpt-6-luna,ok,check_database,0.98,160.91308299999218,5.31e-05,"{'input_tokens': 531, 'input_tokens_details': {'cached_tokens': 0, 'cache_write_tokens': 0}, 'output_tokens': 0, 'output_tokens_details': {'reasoning_tokens': 0}, 'total_tokens': 531}",
eb979b54-d50a-4b37-aeda-bd9e862471a0,incidents,heldout-incident-30,a553b907-8cc3-48ee-ab57-497ccae3afe0,jev,jev-1.13.0,ok,check_database,0.62,219.38529200002085,3.3516e-05,"{'input_tokens': 798, 'output_tokens': 95}",
eb979b54-d50a-4b37-aeda-bd9e862471a0,incidents,heldout-incident-30,21089c8f-cc1e-4ede-a8bd-ce7a4923f54e,decisions,gpt-6-luna,ok,check_external,0.91,115.92504100000951,5.36e-05,"{'input_tokens': 536, 'input_tokens_details': {'cached_tokens': 0, 'cache_write_tokens': 0}, 'output_tokens': 0, 'output_tokens_details': {'reasoning_tokens': 0}, 'total_tokens': 536}",
eb979b54-d50a-4b37-aeda-bd9e862471a0,incidents,heldout-incident-30,f76c01b3-74ea-4944-a72d-ebdd8a96eb46,jev,jev-1.13.0,ok,check_external,0.69,219.54733299999498,3.3432e-05,"{'input_tokens': 796, 'output_tokens': 87}",
eb979b54-d50a-4b37-aeda-bd9e862471a0,incidents,heldout-incident-30,a1e02fcd-d527-4655-b645-260feeaf21bc,jev,jev-1.13.0,ok,escalate,1,145.4985830000369,3.3348e-05,"{'input_tokens': 794, 'output_tokens': 80}",True
eb979b54-d50a-4b37-aeda-bd9e862471a0,incidents,heldout-incident-30,d808ab2f-79e4-41b9-8c6e-3462847f0a28,decisions,gpt-6-luna,ok,escalate,0.95,187.64695800002664,5.41e-05,"{'input_tokens': 541, 'input_tokens_details': {'cached_tokens': 0, 'cache_write_tokens': 0}, 'output_tokens': 0, 'output_tokens_details': {'reasoning_tokens': 0}, 'total_tokens': 541}",True
e611bbfe-d3b4-4625-91ea-e0cb293bed65,incidents,heldout-incident-31,16555c44-ab64-4046-9b2a-8291a873c362,decisions,gpt-6-luna,ok,check_website,0.93,129.0054170000367,5.22e-05,"{'input_tokens': 522, 'input_tokens_details': {'cached_tokens': 0, 'cache_write_tokens': 0}, 'output_tokens': 0, 'output_tokens_details': {'reasoning_tokens': 0}, 'total_tokens': 522}",
e611bbfe-d3b4-4625-91ea-e0cb293bed65,incidents,heldout-incident-31,9c42ccc5-6f8c-4950-857c-e66ac8712078,jev,jev-1.13.0,ok,check_website,0.89,179.21170799992979,3.406200000000001e-05,"{'input_tokens': 811, 'output_tokens': 122}",
e611bbfe-d3b4-4625-91ea-e0cb293bed65,incidents,heldout-incident-31,d2ffef7c-326b-49a3-a5fa-565def8bcfb0,decisions,gpt-6-luna,ok,diagnose_website,0.38,132.58279100002255,5.28e-05,"{'input_tokens': 528, 'input_tokens_details': {'cached_tokens': 0, 'cache_write_tokens': 0}, 'output_tokens': 0, 'output_tokens_details': {'reasoning_tokens': 0}, 'total_tokens': 528}",True
e611bbfe-d3b4-4625-91ea-e0cb293bed65,incidents,heldout-incident-31,e7d2e761-c627-4170-aaf8-5e279e0d0583,jev,jev-1.13.0,ok,diagnose_website,0.95,265.9868339999812,3.402e-05,"{'input_tokens': 810, 'output_tokens': 115}",True
db237276-a63b-4197-a67d-67a331cf4956,incidents,heldout-incident-32,2a05d0a0-09f3-47b7-8a85-05b76af92bf0,jev,jev-1.13.0,ok,check_auth,0.77,126.75762499996927,3.385200000000001e-05,"{'input_tokens': 806, 'output_tokens': 121}",
db237276-a63b-4197-a67d-67a331cf4956,incidents,heldout-incident-32,dba98345-1d5f-43b8-a42d-86bcc809afbf,decisions,gpt-6-luna,ok,check_auth,0.89,145.88945799996145,5.17e-05,"{'input_tokens': 517, 'input_tokens_details': {'cached_tokens': 0, 'cache_write_tokens': 0}, 'output_tokens': 0, 'output_tokens_details': {'reasoning_tokens': 0}, 'total_tokens': 517}",
db237276-a63b-4197-a67d-67a331cf4956,incidents,heldout-incident-32,70843c0d-8ec9-4816-8dc2-87d02c31f8fd,decisions,gpt-6-luna,ok,diagnose_auth,1,125.7092920000432,5.2300000000000004e-05,"{'input_tokens': 523, 'input_tokens_details': {'cached_tokens': 0, 'cache_write_tokens': 0}, 'output_tokens': 0, 'output_tokens_details': {'reasoning_tokens': 0}, 'total_tokens': 523}",True
db237276-a63b-4197-a67d-67a331cf4956,incidents,heldout-incident-32,36316757-e9ff-46b4-b5ed-407e1c3d0982,jev,jev-1.13.0,ok,diagnose_auth,0.97,147.98616700002458,3.381e-05,"{'input_tokens': 805, 'output_tokens': 115}",True
d358b30e-4323-4912-b9c8-20aa58d61ef8,incidents,heldout-incident-33,a7c59be0-b073-4cfe-a006-0905210aa169,decisions,gpt-6-luna,ok,check_website,0.36,125.64462499995716,5.14e-05,"{'input_tokens': 514, 'input_tokens_details': {'cached_tokens': 0, 'cache_write_tokens': 0}, 'output_tokens': 0, 'output_tokens_details': {'reasoning_tokens': 0}, 'total_tokens': 514}",
d358b30e-4323-4912-b9c8-20aa58d61ef8,incidents,heldout-incident-33,0101a581-0162-49b5-a191-e45694b90c72,jev,jev-1.13.0,ok,check_payments,0.78,236.46662500000093,3.3642e-05,"{'input_tokens': 801, 'output_tokens': 122}",
d358b30e-4323-4912-b9c8-20aa58d61ef8,incidents,heldout-incident-33,e143010d-d462-41a4-90b2-94654d47c996,jev,jev-1.13.0,ok,diagnose_payments,0.99,165.82620800007135,3.3600000000000004e-05,"{'input_tokens': 800, 'output_tokens': 115}",True
d358b30e-4323-4912-b9c8-20aa58d61ef8,incidents,heldout-incident-33,6a6c536a-6bc7-41e0-9674-10e7acfbca66,decisions,gpt-6-luna,ok,check_auth,0.71,165.88658299995586,5.2e-05,"{'input_tokens': 520, 'input_tokens_details': {'cached_tokens': 0, 'cache_write_tokens': 0}, 'output_tokens': 0, 'output_tokens_details': {'reasoning_tokens': 0}, 'total_tokens': 520}",
d358b30e-4323-4912-b9c8-20aa58d61ef8,incidents,heldout-incident-33,94ef02e6-6a46-4437-8727-b5f981d3c56f,decisions,gpt-6-luna,ok,check_payments,0.99,148.5183749999851,5.25e-05,"{'input_tokens': 525, 'input_tokens_details': {'cached_tokens': 0, 'cache_write_tokens': 0}, 'output_tokens': 0, 'output_tokens_details': {'reasoning_tokens': 0}, 'total_tokens': 525}",
d358b30e-4323-4912-b9c8-20aa58d61ef8,incidents,heldout-incident-33,0e129be1-b1d7-462e-b100-76fefddaea0b,decisions,gpt-6-luna,ok,diagnose_payments,0.99,104.96662500000093,5.3e-05,"{'input_tokens': 530, 'input_tokens_details': {'cached_tokens': 0, 'cache_write_tokens': 0}, 'output_tokens': 0, 'output_tokens_details': {'reasoning_tokens': 0}, 'total_tokens': 530}",True
ec68f74c-df19-43c7-afc0-51bdb3ee29b4,incidents,heldout-incident-34,808e5e0c-bf4d-48c8-a022-3ab9ad015abb,decisions,gpt-6-luna,ok,check_website,0.27,148.9877910000505,5.17e-05,"{'input_tokens': 517, 'input_tokens_details': {'cached_tokens': 0, 'cache_write_tokens': 0}, 'output_tokens': 0, 'output_tokens_details': {'reasoning_tokens': 0}, 'total_tokens': 517}",
ec68f74c-df19-43c7-afc0-51bdb3ee29b4,incidents,heldout-incident-34,3a342979-3c07-465d-a031-64f8a180640a,jev,jev-1.13.0,ok,check_auth,0.43,346.3739160000114,3.381e-05,"{'input_tokens': 805, 'output_tokens': 121}",
ec68f74c-df19-43c7-afc0-51bdb3ee29b4,incidents,heldout-incident-34,0fe57a95-9571-4c96-8f05-c7a10aa22ba6,decisions,gpt-6-luna,ok,check_auth,0.86,117.38087500003166,5.2300000000000004e-05,"{'input_tokens': 523, 'input_tokens_details': {'cached_tokens': 0, 'cache_write_tokens': 0}, 'output_tokens': 0, 'output_tokens_details': {'reasoning_tokens': 0}, 'total_tokens': 523}",
ec68f74c-df19-43c7-afc0-51bdb3ee29b4,incidents,heldout-incident-34,3e49c05f-20a1-46ab-b430-dd5dc3290cf5,jev,jev-1.13.0,ok,check_payments,0.65,125.5376249999972,3.3768e-05,"{'input_tokens': 804, 'output_tokens': 114}",
ec68f74c-df19-43c7-afc0-51bdb3ee29b4,incidents,heldout-incident-34,d1ddc197-8131-4f2c-8495-b78c415f69ad,decisions,gpt-6-luna,ok,check_payments,0.99,134.67141700000502,5.28e-05,"{'input_tokens': 528, 'input_tokens_details': {'cached_tokens': 0, 'cache_write_tokens': 0}, 'output_tokens': 0, 'output_tokens_details': {'reasoning_tokens': 0}, 'total_tokens': 528}",
ec68f74c-df19-43c7-afc0-51bdb3ee29b4,incidents,heldout-incident-34,0823fb07-0c19-4357-9c6d-24d5963a292c,jev,jev-1.13.0,ok,check_database,0.62,243.28204199997708,3.3684000000000005e-05,"{'input_tokens': 802, 'output_tokens': 104}",
ec68f74c-df19-43c7-afc0-51bdb3ee29b4,incidents,heldout-incident-34,95ccb583-8e53-409a-a64e-452c57034ac6,decisions,gpt-6-luna,ok,check_database,0.95,167.11074999999255,5.33e-05,"{'input_tokens': 533, 'input_tokens_details': {'cached_tokens': 0, 'cache_write_tokens': 0}, 'output_tokens': 0, 'output_tokens_details': {'reasoning_tokens': 0}, 'total_tokens': 533}",
ec68f74c-df19-43c7-afc0-51bdb3ee29b4,incidents,heldout-incident-34,baf58ad0-7ae1-4fef-b1ea-8ff2917585bd,jev,jev-1.13.0,ok,diagnose_database,0.99,187.44637499994133,3.3600000000000004e-05,"{'input_tokens': 800, 'output_tokens': 98}",True
ec68f74c-df19-43c7-afc0-51bdb3ee29b4,incidents,heldout-incident-34,1ea0dea5-dae5-423c-ab4c-4076f641591a,decisions,gpt-6-luna,ok,diagnose_database,0.97,102.30245799990371,5.380000000000001e-05,"{'input_tokens': 538, 'input_tokens_details': {'cached_tokens': 0, 'cache_write_tokens': 0}, 'output_tokens': 0, 'output_tokens_details': {'reasoning_tokens': 0}, 'total_tokens': 538}",True
db369dad-576d-46d6-b9d0-8d5f44cb8bc7,incidents,heldout-incident-35,cee9be69-23cf-49b6-b843-5b80a06ca464,decisions,gpt-6-luna,ok,check_website,0.36,157.72408399998676,5.14e-05,"{'input_tokens': 514, 'input_tokens_details': {'cached_tokens': 0, 'cache_write_tokens': 0}, 'output_tokens': 0, 'output_tokens_details': {'reasoning_tokens': 0}, 'total_tokens': 514}",
db369dad-576d-46d6-b9d0-8d5f44cb8bc7,incidents,heldout-incident-35,c587a9a4-1aee-4e70-bfeb-34f01185598a,jev,jev-1.13.0,ok,check_payments,0.78,257.90058300003875,3.3642e-05,"{'input_tokens': 801, 'output_tokens': 122}",
db369dad-576d-46d6-b9d0-8d5f44cb8bc7,incidents,heldout-incident-35,466b0ce7-949a-4936-93d5-785b1bcf6977,decisions,gpt-6-luna,ok,check_auth,0.71,127.79154100001324,5.2e-05,"{'input_tokens': 520, 'input_tokens_details': {'cached_tokens': 0, 'cache_write_tokens': 0}, 'output_tokens': 0, 'output_tokens_details': {'reasoning_tokens': 0}, 'total_tokens': 520}",
db369dad-576d-46d6-b9d0-8d5f44cb8bc7,incidents,heldout-incident-35,a3bd3ee2-d64d-46ba-8008-5b2b6bffe90e,jev,jev-1.13.0,ok,check_database,0.33,156.01899999997113,3.3600000000000004e-05,"{'input_tokens': 800, 'output_tokens': 112}",
db369dad-576d-46d6-b9d0-8d5f44cb8bc7,incidents,heldout-incident-35,f6be7f87-53f5-44e0-9b9c-4bf756088ad9,jev,jev-1.13.0,ok,check_external,0.25,161.69683400006033,3.3516e-05,"{'input_tokens': 798, 'output_tokens': 104}",
db369dad-576d-46d6-b9d0-8d5f44cb8bc7,incidents,heldout-incident-35,62c32908-7b73-4b3b-a54e-c7c86ca0d0bb,decisions,gpt-6-luna,ok,check_payments,0.99,162.2288750000298,5.25e-05,"{'input_tokens': 525, 'input_tokens_details': {'cached_tokens': 0, 'cache_write_tokens': 0}, 'output_tokens': 0, 'output_tokens_details': {'reasoning_tokens': 0}, 'total_tokens': 525}",
db369dad-576d-46d6-b9d0-8d5f44cb8bc7,incidents,heldout-incident-35,a6c9ef89-c48a-43fe-a45f-7ebf2b051fa5,decisions,gpt-6-luna,ok,check_database,0.97,142.16754099994432,5.3e-05,"{'input_tokens': 530, 'input_tokens_details': {'cached_tokens': 0, 'cache_write_tokens': 0}, 'output_tokens': 0, 'output_tokens_details': {'reasoning_tokens': 0}, 'total_tokens': 530}",
db369dad-576d-46d6-b9d0-8d5f44cb8bc7,incidents,heldout-incident-35,f53bfb34-ac69-4655-b26c-b452d58fd2a2,jev,jev-1.13.0,ok,diagnose_external,1,167.48341700003948,3.3432e-05,"{'input_tokens': 796, 'output_tokens': 98}",True
db369dad-576d-46d6-b9d0-8d5f44cb8bc7,incidents,heldout-incident-35,4b86c9c7-1ab4-44b3-b1b0-a5b5a6a2578b,decisions,gpt-6-luna,ok,check_external,0.77,103.9672080000164,5.35e-05,"{'input_tokens': 535, 'input_tokens_details': {'cached_tokens': 0, 'cache_write_tokens': 0}, 'output_tokens': 0, 'output_tokens_details': {'reasoning_tokens': 0}, 'total_tokens': 535}",
db369dad-576d-46d6-b9d0-8d5f44cb8bc7,incidents,heldout-incident-35,aefa96f1-e689-40f5-af4b-7a30a16e1f7e,decisions,gpt-6-luna,ok,diagnose_external,0.94,145.7035840000026,5.4e-05,"{'input_tokens': 540, 'input_tokens_details': {'cached_tokens': 0, 'cache_write_tokens': 0}, 'output_tokens': 0, 'output_tokens_details': {'reasoning_tokens': 0}, 'total_tokens': 540}",True
0cf9890d-481c-4cfb-9c5c-8bac7dea9d9b,incidents,heldout-incident-36,9984296a-902d-4d85-9536-5fea2d17d03f,decisions,gpt-6-luna,ok,check_website,0.43,169.09312500001397,5.16e-05,"{'input_tokens': 516, 'input_tokens_details': {'cached_tokens': 0, 'cache_write_tokens': 0}, 'output_tokens': 0, 'output_tokens_details': {'reasoning_tokens': 0}, 'total_tokens': 516}",
0cf9890d-481c-4cfb-9c5c-8bac7dea9d9b,incidents,heldout-incident-36,1843d775-326c-450c-9040-f03e930f6d17,jev,jev-1.13.0,ok,check_database,0.46,281.91258400003426,3.381e-05,"{'input_tokens': 805, 'output_tokens': 121}",
0cf9890d-481c-4cfb-9c5c-8bac7dea9d9b,incidents,heldout-incident-36,e4ed90fd-cc52-4b7b-950c-051360cb82e2,decisions,gpt-6-luna,ok,check_auth,0.93,191.98587500001304,5.22e-05,"{'input_tokens': 522, 'input_tokens_details': {'cached_tokens': 0, 'cache_write_tokens': 0}, 'output_tokens': 0, 'output_tokens_details': {'reasoning_tokens': 0}, 'total_tokens': 522}",
0cf9890d-481c-4cfb-9c5c-8bac7dea9d9b,incidents,heldout-incident-36,5a9a81d8-601e-49ae-8f29-f8347795e6bd,jev,jev-1.13.0,ok,check_auth,0.29,285.6411660000449,3.3768e-05,"{'input_tokens': 804, 'output_tokens': 113}",
0cf9890d-481c-4cfb-9c5c-8bac7dea9d9b,incidents,heldout-incident-36,a1c10998-1e19-42ed-b502-26ae23dbb27e,decisions,gpt-6-luna,ok,check_payments,0.98,166.76416600006633,5.27e-05,"{'input_tokens': 527, 'input_tokens_details': {'cached_tokens': 0, 'cache_write_tokens': 0}, 'output_tokens': 0, 'output_tokens_details': {'reasoning_tokens': 0}, 'total_tokens': 527}",
0cf9890d-481c-4cfb-9c5c-8bac7dea9d9b,incidents,heldout-incident-36,93d845a0-f303-487e-b657-93b95530c9dd,jev,jev-1.13.0,ok,check_payments,0.6,186.7757500000298,3.3684000000000005e-05,"{'input_tokens': 802, 'output_tokens': 106}",
0cf9890d-481c-4cfb-9c5c-8bac7dea9d9b,incidents,heldout-incident-36,fc22a932-7f82-496e-aab6-c080164e1beb,jev,jev-1.13.0,ok,check_website,0.5,166.6773749999702,3.3600000000000004e-05,"{'input_tokens': 800, 'output_tokens': 97}",
0cf9890d-481c-4cfb-9c5c-8bac7dea9d9b,incidents,heldout-incident-36,e7236997-3530-4bb7-a2b6-954ad3d7a15c,decisions,gpt-6-luna,ok,check_database,0.99,167.247583999997,5.3200000000000006e-05,"{'input_tokens': 532, 'input_tokens_details': {'cached_tokens': 0, 'cache_write_tokens': 0}, 'output_tokens': 0, 'output_tokens_details': {'reasoning_tokens': 0}, 'total_tokens': 532}",
0cf9890d-481c-4cfb-9c5c-8bac7dea9d9b,incidents,heldout-incident-36,daf40b88-cba8-4967-88f8-cad207411f8d,decisions,gpt-6-luna,ok,check_external,0.74,145.19224999996368,5.3700000000000004e-05,"{'input_tokens': 537, 'input_tokens_details': {'cached_tokens': 0, 'cache_write_tokens': 0}, 'output_tokens': 0, 'output_tokens_details': {'reasoning_tokens': 0}, 'total_tokens': 537}",
0cf9890d-481c-4cfb-9c5c-8bac7dea9d9b,incidents,heldout-incident-36,f4e4efcc-76d4-4b21-b091-509d684982af,jev,jev-1.13.0,ok,check_external,0.51,167.33254099998157,3.3516e-05,"{'input_tokens': 798, 'output_tokens': 87}",
0cf9890d-481c-4cfb-9c5c-8bac7dea9d9b,incidents,heldout-incident-36,51ce97b6-0668-45a6-bf1d-3c580e6d007b,decisions,gpt-6-luna,ok,escalate,1,113.32308300002478,5.42e-05,"{'input_tokens': 542, 'input_tokens_details': {'cached_tokens': 0, 'cache_write_tokens': 0}, 'output_tokens': 0, 'output_tokens_details': {'reasoning_tokens': 0}, 'total_tokens': 542}",True
0cf9890d-481c-4cfb-9c5c-8bac7dea9d9b,incidents,heldout-incident-36,26620336-ff5c-41f4-ae8f-a54eff44d27a,jev,jev-1.13.0,ok,escalate,1,162.17070799996145,3.3432e-05,"{'input_tokens': 796, 'output_tokens': 80}",True
a2aeb601-6083-4bb5-b8b5-2310cbba8b1d,incidents,heldout-incident-37,a36663b0-4a5a-4376-b0cb-42475e2c519c,decisions,gpt-6-luna,ok,check_website,0.95,144.62241700000595,5.2e-05,"{'input_tokens': 520, 'input_tokens_details': {'cached_tokens': 0, 'cache_write_tokens': 0}, 'output_tokens': 0, 'output_tokens_details': {'reasoning_tokens': 0}, 'total_tokens': 520}",
a2aeb601-6083-4bb5-b8b5-2310cbba8b1d,incidents,heldout-incident-37,21230820-0cd2-4b39-993d-a3f97983fd94,jev,jev-1.13.0,ok,check_website,0.93,234.42062500002794,3.3978e-05,"{'input_tokens': 809, 'output_tokens': 122}",
a2aeb601-6083-4bb5-b8b5-2310cbba8b1d,incidents,heldout-incident-37,198e72e9-d496-471c-abc2-10565935f214,jev,jev-1.13.0,ok,diagnose_website,0.96,142.41995900007896,3.3936e-05,"{'input_tokens': 808, 'output_tokens': 115}",True
a2aeb601-6083-4bb5-b8b5-2310cbba8b1d,incidents,heldout-incident-37,00339c89-55a5-4a18-87bb-1f6a684144a5,decisions,gpt-6-luna,ok,check_auth,0.76,147.7077499999432,5.2600000000000005e-05,"{'input_tokens': 526, 'input_tokens_details': {'cached_tokens': 0, 'cache_write_tokens': 0}, 'output_tokens': 0, 'output_tokens_details': {'reasoning_tokens': 0}, 'total_tokens': 526}",
a2aeb601-6083-4bb5-b8b5-2310cbba8b1d,incidents,heldout-incident-37,9e1128ca-d0ab-4d04-afdc-a4c93c514b01,decisions,gpt-6-luna,ok,check_payments,0.83,129.50312500004657,5.31e-05,"{'input_tokens': 531, 'input_tokens_details': {'cached_tokens': 0, 'cache_write_tokens': 0}, 'output_tokens': 0, 'output_tokens_details': {'reasoning_tokens': 0}, 'total_tokens': 531}",
a2aeb601-6083-4bb5-b8b5-2310cbba8b1d,incidents,heldout-incident-37,19eb2fd6-572a-4c00-a1cb-a4f58a54730f,decisions,gpt-6-luna,ok,diagnose_website,0.99,163.01141700008884,5.36e-05,"{'input_tokens': 536, 'input_tokens_details': {'cached_tokens': 0, 'cache_write_tokens': 0}, 'output_tokens': 0, 'output_tokens_details': {'reasoning_tokens': 0}, 'total_tokens': 536}",True
b15338d2-0490-4a9b-9744-cd3ae7100317,incidents,heldout-incident-38,d70c22dd-6942-4d4e-be57-a75d89fafa40,decisions,gpt-6-luna,ok,check_auth,0.9,122.75062500010245,5.2e-05,"{'input_tokens': 520, 'input_tokens_details': {'cached_tokens': 0, 'cache_write_tokens': 0}, 'output_tokens': 0, 'output_tokens_details': {'reasoning_tokens': 0}, 'total_tokens': 520}",
b15338d2-0490-4a9b-9744-cd3ae7100317,incidents,heldout-incident-38,bb39a49f-c329-4b74-b3a6-e7a971079e22,jev,jev-1.13.0,ok,check_auth,0.79,176.96537500002887,3.3894000000000004e-05,"{'input_tokens': 807, 'output_tokens': 121}",
b15338d2-0490-4a9b-9744-cd3ae7100317,incidents,heldout-incident-38,40bc53e3-2d16-4724-9bfa-97912014980d,jev,jev-1.13.0,ok,diagnose_auth,0.94,174.3776249999646,3.385200000000001e-05,"{'input_tokens': 806, 'output_tokens': 115}",True
b15338d2-0490-4a9b-9744-cd3ae7100317,incidents,heldout-incident-38,875f8f88-8f30-47f3-a9dd-c67332de78b1,decisions,gpt-6-luna,ok,diagnose_auth,0.99,256.89837499998976,5.2600000000000005e-05,"{'input_tokens': 526, 'input_tokens_details': {'cached_tokens': 0, 'cache_write_tokens': 0}, 'output_tokens': 0, 'output_tokens_details': {'reasoning_tokens': 0}, 'total_tokens': 526}",True
8fa0892e-954b-4efc-9124-aea4c375aea4,incidents,heldout-incident-39,8004785d-4e63-4b35-a9e2-63f961e8f803,jev,jev-1.13.0,ok,check_payments,0.67,172.37333400000352,3.3768e-05,"{'input_tokens': 804, 'output_tokens': 122}",
8fa0892e-954b-4efc-9124-aea4c375aea4,incidents,heldout-incident-39,b9139f6c-fd5b-4826-9ca1-228930de133e,decisions,gpt-6-luna,ok,check_website,0.54,287.8041669999948,5.17e-05,"{'input_tokens': 517, 'input_tokens_details': {'cached_tokens': 0, 'cache_write_tokens': 0}, 'output_tokens': 0, 'output_tokens_details': {'reasoning_tokens': 0}, 'total_tokens': 517}",
8fa0892e-954b-4efc-9124-aea4c375aea4,incidents,heldout-incident-39,8ee25e38-35db-459e-bb60-b434c1efbbe0,decisions,gpt-6-luna,ok,check_payments,0.47,159.46837500005495,5.2300000000000004e-05,"{'input_tokens': 523, 'input_tokens_details': {'cached_tokens': 0, 'cache_write_tokens': 0}, 'output_tokens': 0, 'output_tokens_details': {'reasoning_tokens': 0}, 'total_tokens': 523}",
8fa0892e-954b-4efc-9124-aea4c375aea4,incidents,heldout-incident-39,3876e397-e906-4c04-a97c-ea2d1471e413,jev,jev-1.13.0,ok,diagnose_payments,0.98,717.9251249999506,3.3726e-05,"{'input_tokens': 803, 'output_tokens': 115}",True
8fa0892e-954b-4efc-9124-aea4c375aea4,incidents,heldout-incident-39,57e4e52c-7c33-4186-b9ed-9a02774b43c6,decisions,gpt-6-luna,ok,diagnose_payments,0.9,118.39379200001713,5.28e-05,"{'input_tokens': 528, 'input_tokens_details': {'cached_tokens': 0, 'cache_write_tokens': 0}, 'output_tokens': 0, 'output_tokens_details': {'reasoning_tokens': 0}, 'total_tokens': 528}",True
9de44c18-7bef-4b26-a38a-6408ab982591,incidents,heldout-incident-40,1d73baae-308c-488a-bf67-1c8fd5ca183b,jev,jev-1.13.0,ok,check_auth,0.31,129.73516699997708,3.3726e-05,"{'input_tokens': 803, 'output_tokens': 121}",
9de44c18-7bef-4b26-a38a-6408ab982591,incidents,heldout-incident-40,ecd059d8-f2ae-4424-a146-db055ee5240d,decisions,gpt-6-luna,ok,check_website,0.65,138.55350000003818,5.16e-05,"{'input_tokens': 516, 'input_tokens_details': {'cached_tokens': 0, 'cache_write_tokens': 0}, 'output_tokens': 0, 'output_tokens_details': {'reasoning_tokens': 0}, 'total_tokens': 516}",
9de44c18-7bef-4b26-a38a-6408ab982591,incidents,heldout-incident-40,de1e6e06-27f9-449a-b3c9-a6d27e9744fa,jev,jev-1.13.0,ok,check_payments,0.67,132.24629199993797,3.3684000000000005e-05,"{'input_tokens': 802, 'output_tokens': 114}",
9de44c18-7bef-4b26-a38a-6408ab982591,incidents,heldout-incident-40,cccce997-36d9-4511-a049-6cbebd2f6db1,decisions,gpt-6-luna,ok,check_auth,0.97,131.7932499999879,5.22e-05,"{'input_tokens': 522, 'input_tokens_details': {'cached_tokens': 0, 'cache_write_tokens': 0}, 'output_tokens': 0, 'output_tokens_details': {'reasoning_tokens': 0}, 'total_tokens': 522}",
9de44c18-7bef-4b26-a38a-6408ab982591,incidents,heldout-incident-40,0db50f14-9c7c-4ac2-9d3b-1c07c71f47ae,decisions,gpt-6-luna,ok,check_payments,0.98,91.93700000003446,5.27e-05,"{'input_tokens': 527, 'input_tokens_details': {'cached_tokens': 0, 'cache_write_tokens': 0}, 'output_tokens': 0, 'output_tokens_details': {'reasoning_tokens': 0}, 'total_tokens': 527}",
9de44c18-7bef-4b26-a38a-6408ab982591,incidents,heldout-incident-40,5463949c-71db-44ea-b2ba-4e74e696c816,jev,jev-1.13.0,ok,check_database,0.33,749.4349159999983,3.3600000000000004e-05,"{'input_tokens': 800, 'output_tokens': 104}",
9de44c18-7bef-4b26-a38a-6408ab982591,incidents,heldout-incident-40,870d00be-5c65-4799-83ea-3e37493957e2,jev,jev-1.13.0,ok,diagnose_database,0.99,137.32300000009127,3.3516e-05,"{'input_tokens': 798, 'output_tokens': 98}",True
9de44c18-7bef-4b26-a38a-6408ab982591,incidents,heldout-incident-40,e13407d9-ef62-485d-9d72-a2c7813d4237,decisions,gpt-6-luna,ok,check_database,0.99,211.24962499993853,5.3200000000000006e-05,"{'input_tokens': 532, 'input_tokens_details': {'cached_tokens': 0, 'cache_write_tokens': 0}, 'output_tokens': 0, 'output_tokens_details': {'reasoning_tokens': 0}, 'total_tokens': 532}",
9de44c18-7bef-4b26-a38a-6408ab982591,incidents,heldout-incident-40,78ec69cd-283d-4d58-8ad9-9956a58ca180,decisions,gpt-6-luna,ok,diagnose_database,0.98,104.88587500003632,5.3700000000000004e-05,"{'input_tokens': 537, 'input_tokens_details': {'cached_tokens': 0, 'cache_write_tokens': 0}, 'output_tokens': 0, 'output_tokens_details': {'reasoning_tokens': 0}, 'total_tokens': 537}",True
08549e8f-0565-42c1-a4f0-6aead19ec621,incidents,heldout-incident-41,7daf6a03-b731-439b-b630-01c477ceff44,decisions,gpt-6-luna,ok,check_website,0.54,209.8349589999998,5.17e-05,"{'input_tokens': 517, 'input_tokens_details': {'cached_tokens': 0, 'cache_write_tokens': 0}, 'output_tokens': 0, 'output_tokens_details': {'reasoning_tokens': 0}, 'total_tokens': 517}",
08549e8f-0565-42c1-a4f0-6aead19ec621,incidents,heldout-incident-41,d4911f7c-3240-48ea-be3f-d6610ce70d33,jev,jev-1.13.0,ok,check_payments,0.7,210.46408299996983,3.3768e-05,"{'input_tokens': 804, 'output_tokens': 122}",
08549e8f-0565-42c1-a4f0-6aead19ec621,incidents,heldout-incident-41,962d0e60-ccd6-4545-a3ce-aee03f0833c2,decisions,gpt-6-luna,ok,check_payments,0.47,142.60804200009443,5.2300000000000004e-05,"{'input_tokens': 523, 'input_tokens_details': {'cached_tokens': 0, 'cache_write_tokens': 0}, 'output_tokens': 0, 'output_tokens_details': {'reasoning_tokens': 0}, 'total_tokens': 523}",
08549e8f-0565-42c1-a4f0-6aead19ec621,incidents,heldout-incident-41,d4764a75-c34f-4802-8606-15fbd87cdb09,jev,jev-1.13.0,ok,check_database,0.23,238.17987500003073,3.3726e-05,"{'input_tokens': 803, 'output_tokens': 112}",
08549e8f-0565-42c1-a4f0-6aead19ec621,incidents,heldout-incident-41,d2a3a730-4aa9-4c8c-8c0e-f7e26d313b2f,decisions,gpt-6-luna,ok,check_auth,0.88,103.66179199994076,5.28e-05,"{'input_tokens': 528, 'input_tokens_details': {'cached_tokens': 0, 'cache_write_tokens': 0}, 'output_tokens': 0, 'output_tokens_details': {'reasoning_tokens': 0}, 'total_tokens': 528}",
08549e8f-0565-42c1-a4f0-6aead19ec621,incidents,heldout-incident-41,480a704c-823c-4868-9f11-52705c785c07,jev,jev-1.13.0,ok,check_auth,0.27,204.65141599997878,3.3642e-05,"{'input_tokens': 801, 'output_tokens': 104}",
08549e8f-0565-42c1-a4f0-6aead19ec621,incidents,heldout-incident-41,bf7dfda1-6ddf-4574-a0fa-850017c0d80b,decisions,gpt-6-luna,ok,check_database,0.98,103.9757910000626,5.33e-05,"{'input_tokens': 533, 'input_tokens_details': {'cached_tokens': 0, 'cache_write_tokens': 0}, 'output_tokens': 0, 'output_tokens_details': {'reasoning_tokens': 0}, 'total_tokens': 533}",
08549e8f-0565-42c1-a4f0-6aead19ec621,incidents,heldout-incident-41,e1bbd22c-4250-4d40-9800-20d5cb32f812,jev,jev-1.13.0,ok,check_external,0.39,186.59829200000968,3.3558e-05,"{'input_tokens': 799, 'output_tokens': 96}",
08549e8f-0565-42c1-a4f0-6aead19ec621,incidents,heldout-incident-41,e1f2865e-93ad-4985-adc9-f158adb7fbab,decisions,gpt-6-luna,ok,check_external,0.98,112.12870799994562,5.380000000000001e-05,"{'input_tokens': 538, 'input_tokens_details': {'cached_tokens': 0, 'cache_write_tokens': 0}, 'output_tokens': 0, 'output_tokens_details': {'reasoning_tokens': 0}, 'total_tokens': 538}",
08549e8f-0565-42c1-a4f0-6aead19ec621,incidents,heldout-incident-41,12325f2d-4d06-4186-9035-1f3830352780,jev,jev-1.13.0,ok,diagnose_external,0.99,124.2668330000015,3.3474000000000005e-05,"{'input_tokens': 797, 'output_tokens': 90}",True
08549e8f-0565-42c1-a4f0-6aead19ec621,incidents,heldout-incident-41,c4fdcdbc-4441-49fd-b074-e019a39d026a,decisions,gpt-6-luna,ok,diagnose_external,0.96,140.65616699995007,5.4300000000000005e-05,"{'input_tokens': 543, 'input_tokens_details': {'cached_tokens': 0, 'cache_write_tokens': 0}, 'output_tokens': 0, 'output_tokens_details': {'reasoning_tokens': 0}, 'total_tokens': 543}",True
f4c97187-ed7f-4d61-b376-116fcad685a3,incidents,heldout-incident-42,31f370da-b600-4174-8ac6-515568f56ac4,decisions,gpt-6-luna,ok,check_website,0.34,169.25254099990707,5.16e-05,"{'input_tokens': 516, 'input_tokens_details': {'cached_tokens': 0, 'cache_write_tokens': 0}, 'output_tokens': 0, 'output_tokens_details': {'reasoning_tokens': 0}, 'total_tokens': 516}",
f4c97187-ed7f-4d61-b376-116fcad685a3,incidents,heldout-incident-42,f2894b62-e72d-492b-9fef-21935bc81291,jev,jev-1.13.0,ok,check_website,0.38,184.70087499998044,3.3726e-05,"{'input_tokens': 803, 'output_tokens': 122}",
f4c97187-ed7f-4d61-b376-116fcad685a3,incidents,heldout-incident-42,698c4fd2-6a5a-401d-89b5-e4714c90747b,jev,jev-1.13.0,ok,check_auth,0.52,133.3043750000652,3.3684000000000005e-05,"{'input_tokens': 802, 'output_tokens': 112}",
f4c97187-ed7f-4d61-b376-116fcad685a3,incidents,heldout-incident-42,49c2bf23-3e1c-473f-8052-956c9118ca31,decisions,gpt-6-luna,ok,check_auth,0.88,188.57545800006483,5.22e-05,"{'input_tokens': 522, 'input_tokens_details': {'cached_tokens': 0, 'cache_write_tokens': 0}, 'output_tokens': 0, 'output_tokens_details': {'reasoning_tokens': 0}, 'total_tokens': 522}",
f4c97187-ed7f-4d61-b376-116fcad685a3,incidents,heldout-incident-42,7e369c71-c0d4-4067-a8e4-7702c4a1bf9a,decisions,gpt-6-luna,ok,check_payments,0.98,168.63575000001583,5.27e-05,"{'input_tokens': 527, 'input_tokens_details': {'cached_tokens': 0, 'cache_write_tokens': 0}, 'output_tokens': 0, 'output_tokens_details': {'reasoning_tokens': 0}, 'total_tokens': 527}",
f4c97187-ed7f-4d61-b376-116fcad685a3,incidents,heldout-incident-42,0f7e328f-63a4-4e6c-8377-615c3ad352b0,jev,jev-1.13.0,ok,check_payments,0.81,363.0543750000652,3.3600000000000004e-05,"{'input_tokens': 800, 'output_tokens': 105}",
f4c97187-ed7f-4d61-b376-116fcad685a3,incidents,heldout-incident-42,77f00115-f6a3-4826-8d0b-27fc94291b33,decisions,gpt-6-luna,ok,check_database,0.99,113.07341699989047,5.3200000000000006e-05,"{'input_tokens': 532, 'input_tokens_details': {'cached_tokens': 0, 'cache_write_tokens': 0}, 'output_tokens': 0, 'output_tokens_details': {'reasoning_tokens': 0}, 'total_tokens': 532}",
f4c97187-ed7f-4d61-b376-116fcad685a3,incidents,heldout-incident-42,83e108ef-b49b-4028-a936-a69128b3ac2c,jev,jev-1.13.0,ok,check_database,0.63,224.61624999996275,3.3516e-05,"{'input_tokens': 798, 'output_tokens': 95}",
f4c97187-ed7f-4d61-b376-116fcad685a3,incidents,heldout-incident-42,496812b0-84b6-461f-a83e-65a4040cfdad,jev,jev-1.13.0,ok,check_external,0.67,149.42337500001304,3.3432e-05,"{'input_tokens': 796, 'output_tokens': 87}",
f4c97187-ed7f-4d61-b376-116fcad685a3,incidents,heldout-incident-42,c61bb0fb-9e12-4068-8e77-7deef6743dce,decisions,gpt-6-luna,ok,check_external,0.42,156.76566700008698,5.3700000000000004e-05,"{'input_tokens': 537, 'input_tokens_details': {'cached_tokens': 0, 'cache_write_tokens': 0}, 'output_tokens': 0, 'output_tokens_details': {'reasoning_tokens': 0}, 'total_tokens': 537}",
f4c97187-ed7f-4d61-b376-116fcad685a3,incidents,heldout-incident-42,6a3a8fd0-5f59-4918-93fa-88cf7e650cb5,decisions,gpt-6-luna,ok,escalate,0.99,104.3306670000311,5.42e-05,"{'input_tokens': 542, 'input_tokens_details': {'cached_tokens': 0, 'cache_write_tokens': 0}, 'output_tokens': 0, 'output_tokens_details': {'reasoning_tokens': 0}, 'total_tokens': 542}",True
f4c97187-ed7f-4d61-b376-116fcad685a3,incidents,heldout-incident-42,cca7be03-a96b-49a5-9948-715f0bda44fa,jev,jev-1.13.0,ok,escalate,1,149.5743749999674,3.3348e-05,"{'input_tokens': 794, 'output_tokens': 80}",True
349a0c72-c620-421f-8ca2-0b61438a724f,incidents,heldout-incident-43,c1670f4e-9992-45ce-b26a-3e5b197fd63b,decisions,gpt-6-luna,ok,check_website,0.93,142.86637499998324,5.22e-05,"{'input_tokens': 522, 'input_tokens_details': {'cached_tokens': 0, 'cache_write_tokens': 0}, 'output_tokens': 0, 'output_tokens_details': {'reasoning_tokens': 0}, 'total_tokens': 522}",
349a0c72-c620-421f-8ca2-0b61438a724f,incidents,heldout-incident-43,587cbc0f-7a75-4a12-b9dc-bcd6cf8481f9,jev,jev-1.13.0,ok,check_website,0.91,178.3379169999389,3.406200000000001e-05,"{'input_tokens': 811, 'output_tokens': 122}",
349a0c72-c620-421f-8ca2-0b61438a724f,incidents,heldout-incident-43,dbb81842-15ce-4cb0-8fcd-4a35324301e2,decisions,gpt-6-luna,ok,check_auth,0.49,125.48970799997915,5.28e-05,"{'input_tokens': 528, 'input_tokens_details': {'cached_tokens': 0, 'cache_write_tokens': 0}, 'output_tokens': 0, 'output_tokens_details': {'reasoning_tokens': 0}, 'total_tokens': 528}",
349a0c72-c620-421f-8ca2-0b61438a724f,incidents,heldout-incident-43,126165b7-051c-4e3f-831e-c3b6d437f8ab,jev,jev-1.13.0,ok,diagnose_website,0.96,131.99366699997336,3.402e-05,"{'input_tokens': 810, 'output_tokens': 115}",True
349a0c72-c620-421f-8ca2-0b61438a724f,incidents,heldout-incident-43,e3d9d77d-71d6-4ff7-a32e-94ab56edc842,decisions,gpt-6-luna,ok,diagnose_website,0.49,100.54949999996461,5.33e-05,"{'input_tokens': 533, 'input_tokens_details': {'cached_tokens': 0, 'cache_write_tokens': 0}, 'output_tokens': 0, 'output_tokens_details': {'reasoning_tokens': 0}, 'total_tokens': 533}",True
a3e17136-e1e2-4c4d-aa8c-0b39188aa7e1,incidents,heldout-incident-44,cb915c92-17d3-4d00-8881-a89ef5980f3a,decisions,gpt-6-luna,ok,check_auth,0.9,103.25929200008977,5.17e-05,"{'input_tokens': 517, 'input_tokens_details': {'cached_tokens': 0, 'cache_write_tokens': 0}, 'output_tokens': 0, 'output_tokens_details': {'reasoning_tokens': 0}, 'total_tokens': 517}",
a3e17136-e1e2-4c4d-aa8c-0b39188aa7e1,incidents,heldout-incident-44,3bdf0172-70da-4b54-95f0-c5ad40235c0e,jev,jev-1.13.0,ok,check_auth,0.84,174.84249999991152,3.385200000000001e-05,"{'input_tokens': 806, 'output_tokens': 121}",
a3e17136-e1e2-4c4d-aa8c-0b39188aa7e1,incidents,heldout-incident-44,0ec3d3dc-dcd4-482c-928b-4c4ead2ad249,decisions,gpt-6-luna,ok,diagnose_auth,0.97,161.01466699992307,5.2300000000000004e-05,"{'input_tokens': 523, 'input_tokens_details': {'cached_tokens': 0, 'cache_write_tokens': 0}, 'output_tokens': 0, 'output_tokens_details': {'reasoning_tokens': 0}, 'total_tokens': 523}",True
a3e17136-e1e2-4c4d-aa8c-0b39188aa7e1,incidents,heldout-incident-44,3e77095b-bd45-48d6-82fb-ec237316c362,jev,jev-1.13.0,ok,diagnose_auth,0.96,163.52070800005458,3.381e-05,"{'input_tokens': 805, 'output_tokens': 115}",True
a9f7a885-7587-4ddf-afd8-c89f309f2eaa,incidents,heldout-incident-45,203fd53d-6bb1-40b2-8715-b0ecb0d0fc6c,decisions,gpt-6-luna,ok,check_payments,0.46,103.20266700000502,5.14e-05,"{'input_tokens': 514, 'input_tokens_details': {'cached_tokens': 0, 'cache_write_tokens': 0}, 'output_tokens': 0, 'output_tokens_details': {'reasoning_tokens': 0}, 'total_tokens': 514}",
a9f7a885-7587-4ddf-afd8-c89f309f2eaa,incidents,heldout-incident-45,509baeab-ebcb-4901-9941-1ff18e7734f0,jev,jev-1.13.0,ok,check_payments,0.76,123.75391600001603,3.3642e-05,"{'input_tokens': 801, 'output_tokens': 122}",
a9f7a885-7587-4ddf-afd8-c89f309f2eaa,incidents,heldout-incident-45,36799a82-dd9f-4bd9-a3c2-ca6158bf6982,decisions,gpt-6-luna,ok,diagnose_payments,0.94,129.202249999973,5.2e-05,"{'input_tokens': 520, 'input_tokens_details': {'cached_tokens': 0, 'cache_write_tokens': 0}, 'output_tokens': 0, 'output_tokens_details': {'reasoning_tokens': 0}, 'total_tokens': 520}",True
a9f7a885-7587-4ddf-afd8-c89f309f2eaa,incidents,heldout-incident-45,1f1dd3f8-ab8b-415e-9f50-912f31d21b44,jev,jev-1.13.0,ok,diagnose_payments,0.99,143.42591700004414,3.3600000000000004e-05,"{'input_tokens': 800, 'output_tokens': 115}",True
147f1955-6c0f-4ba1-8432-22af71b90e84,incidents,heldout-incident-46,6323b331-2986-4ea4-a704-354216770362,decisions,gpt-6-luna,ok,check_auth,0.4,132.78354199999012,5.17e-05,"{'input_tokens': 517, 'input_tokens_details': {'cached_tokens': 0, 'cache_write_tokens': 0}, 'output_tokens': 0, 'output_tokens_details': {'reasoning_tokens': 0}, 'total_tokens': 517}",
147f1955-6c0f-4ba1-8432-22af71b90e84,incidents,heldout-incident-46,34f5b28a-50e8-4267-b314-a12f924540d9,jev,jev-1.13.0,ok,check_auth,0.39,315.48070900002494,3.381e-05,"{'input_tokens': 805, 'output_tokens': 121}",
147f1955-6c0f-4ba1-8432-22af71b90e84,incidents,heldout-incident-46,5ddc072d-2c3e-4e25-9d0a-8d7863ea229f,decisions,gpt-6-luna,ok,check_payments,0.46,127.23616700002458,5.2300000000000004e-05,"{'input_tokens': 523, 'input_tokens_details': {'cached_tokens': 0, 'cache_write_tokens': 0}, 'output_tokens': 0, 'output_tokens_details': {'reasoning_tokens': 0}, 'total_tokens': 523}",
147f1955-6c0f-4ba1-8432-22af71b90e84,incidents,heldout-incident-46,0f1f413c-6170-46ab-9fdf-dfd69733603a,jev,jev-1.13.0,ok,check_payments,0.6,179.6034169999184,3.3768e-05,"{'input_tokens': 804, 'output_tokens': 114}",
147f1955-6c0f-4ba1-8432-22af71b90e84,incidents,heldout-incident-46,69bedad9-e940-4c00-9ce3-17162a410e4e,jev,jev-1.13.0,ok,check_database,0.57,114.58287499996368,3.3684000000000005e-05,"{'input_tokens': 802, 'output_tokens': 104}",
147f1955-6c0f-4ba1-8432-22af71b90e84,incidents,heldout-incident-46,616dcf90-e67f-45f0-8be3-4430d213f91c,decisions,gpt-6-luna,ok,check_database,0.69,115.38250000006519,5.28e-05,"{'input_tokens': 528, 'input_tokens_details': {'cached_tokens': 0, 'cache_write_tokens': 0}, 'output_tokens': 0, 'output_tokens_details': {'reasoning_tokens': 0}, 'total_tokens': 528}",
147f1955-6c0f-4ba1-8432-22af71b90e84,incidents,heldout-incident-46,1423af4d-643a-489d-a157-70c67d380529,decisions,gpt-6-luna,ok,diagnose_database,0.99,98.11129100003745,5.33e-05,"{'input_tokens': 533, 'input_tokens_details': {'cached_tokens': 0, 'cache_write_tokens': 0}, 'output_tokens': 0, 'output_tokens_details': {'reasoning_tokens': 0}, 'total_tokens': 533}",True
147f1955-6c0f-4ba1-8432-22af71b90e84,incidents,heldout-incident-46,981b0fa9-ae66-4c5d-9e2e-fdaeeaa4ddf3,jev,jev-1.13.0,ok,diagnose_database,0.98,122.60725000000093,3.3600000000000004e-05,"{'input_tokens': 800, 'output_tokens': 98}",True
a555c463-273a-46d6-a4a3-c9d34e5f0923,incidents,heldout-incident-47,f3d177e3-8827-4e7d-831c-4a72bcd6e843,jev,jev-1.13.0,ok,check_payments,0.75,199.99870800005738,3.3642e-05,"{'input_tokens': 801, 'output_tokens': 122}",
a555c463-273a-46d6-a4a3-c9d34e5f0923,incidents,heldout-incident-47,61e1b125-ea9f-4fb6-b34f-512b435f8f0a,decisions,gpt-6-luna,ok,check_payments,0.46,215.66741600004025,5.14e-05,"{'input_tokens': 514, 'input_tokens_details': {'cached_tokens': 0, 'cache_write_tokens': 0}, 'output_tokens': 0, 'output_tokens_details': {'reasoning_tokens': 0}, 'total_tokens': 514}",
a555c463-273a-46d6-a4a3-c9d34e5f0923,incidents,heldout-incident-47,8a3cbe86-236f-468a-b1d4-138be5b53831,jev,jev-1.13.0,ok,check_database,0.32,163.88333300000522,3.3600000000000004e-05,"{'input_tokens': 800, 'output_tokens': 112}",
a555c463-273a-46d6-a4a3-c9d34e5f0923,incidents,heldout-incident-47,7b1382b0-de40-444f-a73c-f0202c3983dd,decisions,gpt-6-luna,ok,check_website,0.59,168.7382079999661,5.2e-05,"{'input_tokens': 520, 'input_tokens_details': {'cached_tokens': 0, 'cache_write_tokens': 0}, 'output_tokens': 0, 'output_tokens_details': {'reasoning_tokens': 0}, 'total_tokens': 520}",
a555c463-273a-46d6-a4a3-c9d34e5f0923,incidents,heldout-incident-47,6ac35e4a-2660-403b-95d3-f274f7680a1f,jev,jev-1.13.0,ok,check_website,0.31,151.95120800007135,3.3516e-05,"{'input_tokens': 798, 'output_tokens': 105}",
a555c463-273a-46d6-a4a3-c9d34e5f0923,incidents,heldout-incident-47,21bbd0cd-edee-4135-acff-7d25a657724b,decisions,gpt-6-luna,ok,check_database,0.4,151.8282079999335,5.25e-05,"{'input_tokens': 525, 'input_tokens_details': {'cached_tokens': 0, 'cache_write_tokens': 0}, 'output_tokens': 0, 'output_tokens_details': {'reasoning_tokens': 0}, 'total_tokens': 525}",
a555c463-273a-46d6-a4a3-c9d34e5f0923,incidents,heldout-incident-47,24bb7c08-60dd-4afe-82a9-69f9a2eb12c7,decisions,gpt-6-luna,ok,check_auth,0.85,101.32225000008475,5.3e-05,"{'input_tokens': 530, 'input_tokens_details': {'cached_tokens': 0, 'cache_write_tokens': 0}, 'output_tokens': 0, 'output_tokens_details': {'reasoning_tokens': 0}, 'total_tokens': 530}",
a555c463-273a-46d6-a4a3-c9d34e5f0923,incidents,heldout-incident-47,3b60a4de-72e8-4ffd-bbba-89809d20be66,jev,jev-1.13.0,ok,check_auth,0.51,191.76529099990148,3.3432e-05,"{'input_tokens': 796, 'output_tokens': 95}",
a555c463-273a-46d6-a4a3-c9d34e5f0923,incidents,heldout-incident-47,a4010581-c0c9-4589-a6cd-70f39a6104c4,decisions,gpt-6-luna,ok,check_external,0.95,132.13429200008977,5.35e-05,"{'input_tokens': 535, 'input_tokens_details': {'cached_tokens': 0, 'cache_write_tokens': 0}, 'output_tokens': 0, 'output_tokens_details': {'reasoning_tokens': 0}, 'total_tokens': 535}",
a555c463-273a-46d6-a4a3-c9d34e5f0923,incidents,heldout-incident-47,679516a1-c844-43ae-9e84-36d5ceb557e7,jev,jev-1.13.0,ok,check_external,0.71,140.48220799991395,3.3348e-05,"{'input_tokens': 794, 'output_tokens': 87}",
a555c463-273a-46d6-a4a3-c9d34e5f0923,incidents,heldout-incident-47,56590c7c-303a-4265-960a-7e00a5cef184,decisions,gpt-6-luna,ok,diagnose_external,0.93,140.42595800000709,5.4e-05,"{'input_tokens': 540, 'input_tokens_details': {'cached_tokens': 0, 'cache_write_tokens': 0}, 'output_tokens': 0, 'output_tokens_details': {'reasoning_tokens': 0}, 'total_tokens': 540}",True
a555c463-273a-46d6-a4a3-c9d34e5f0923,incidents,heldout-incident-47,8b36732d-4c7a-4a48-bdcf-38a05810f1d0,jev,jev-1.13.0,ok,diagnose_external,1,145.31412500003353,3.3264000000000005e-05,"{'input_tokens': 792, 'output_tokens': 81}",True
137e2d02-2011-4dc5-a20f-476743154b23,incidents,heldout-incident-48,01076889-7323-44d6-a018-db287904b347,jev,jev-1.13.0,ok,check_database,0.4,166.18075000005774,3.381e-05,"{'input_tokens': 805, 'output_tokens': 121}",
137e2d02-2011-4dc5-a20f-476743154b23,incidents,heldout-incident-48,2b74f6c5-9cee-4cf4-a4cf-937d8634f9d9,decisions,gpt-6-luna,ok,check_website,0.42,166.1463330000406,5.16e-05,"{'input_tokens': 516, 'input_tokens_details': {'cached_tokens': 0, 'cache_write_tokens': 0}, 'output_tokens': 0, 'output_tokens_details': {'reasoning_tokens': 0}, 'total_tokens': 516}",
137e2d02-2011-4dc5-a20f-476743154b23,incidents,heldout-incident-48,51dffac0-bf1f-40aa-96a7-b2b030dead77,decisions,gpt-6-luna,ok,check_auth,0.96,98.57312499999534,5.22e-05,"{'input_tokens': 522, 'input_tokens_details': {'cached_tokens': 0, 'cache_write_tokens': 0}, 'output_tokens': 0, 'output_tokens_details': {'reasoning_tokens': 0}, 'total_tokens': 522}",
137e2d02-2011-4dc5-a20f-476743154b23,incidents,heldout-incident-48,24f2ca64-b8f4-478d-874f-dd9c9e3f8a87,jev,jev-1.13.0,ok,check_auth,0.26,148.9514579999959,3.3768e-05,"{'input_tokens': 804, 'output_tokens': 113}",
137e2d02-2011-4dc5-a20f-476743154b23,incidents,heldout-incident-48,f0c797f1-1c71-4523-ae43-e4d227296ac1,decisions,gpt-6-luna,ok,check_payments,0.94,116.26795799995307,5.27e-05,"{'input_tokens': 527, 'input_tokens_details': {'cached_tokens': 0, 'cache_write_tokens': 0}, 'output_tokens': 0, 'output_tokens_details': {'reasoning_tokens': 0}, 'total_tokens': 527}",
137e2d02-2011-4dc5-a20f-476743154b23,incidents,heldout-incident-48,1739a867-8461-452d-8312-91a094f22058,jev,jev-1.13.0,ok,check_payments,0.66,173.09533400007058,3.3684000000000005e-05,"{'input_tokens': 802, 'output_tokens': 106}",
137e2d02-2011-4dc5-a20f-476743154b23,incidents,heldout-incident-48,37aa7b11-6548-4419-aab9-ab6b58566806,decisions,gpt-6-luna,ok,check_database,0.99,123.42700000002515,5.3200000000000006e-05,"{'input_tokens': 532, 'input_tokens_details': {'cached_tokens': 0, 'cache_write_tokens': 0}, 'output_tokens': 0, 'output_tokens_details': {'reasoning_tokens': 0}, 'total_tokens': 532}",
137e2d02-2011-4dc5-a20f-476743154b23,incidents,heldout-incident-48,9898f85e-cb9b-44f9-937d-dc7645a575ed,jev,jev-1.13.0,ok,check_website,0.52,131.39549999998417,3.3600000000000004e-05,"{'input_tokens': 800, 'output_tokens': 97}",
137e2d02-2011-4dc5-a20f-476743154b23,incidents,heldout-incident-48,d7074d85-91f0-4a46-92df-a1e720e8ad88,decisions,gpt-6-luna,ok,check_external,0.74,107.97179199999664,5.3700000000000004e-05,"{'input_tokens': 537, 'input_tokens_details': {'cached_tokens': 0, 'cache_write_tokens': 0}, 'output_tokens': 0, 'output_tokens_details': {'reasoning_tokens': 0}, 'total_tokens': 537}",
137e2d02-2011-4dc5-a20f-476743154b23,incidents,heldout-incident-48,77e2b53b-d459-410b-9513-9d18692659c7,jev,jev-1.13.0,ok,check_external,0.59,148.1581250000745,3.3516e-05,"{'input_tokens': 798, 'output_tokens': 87}",
137e2d02-2011-4dc5-a20f-476743154b23,incidents,heldout-incident-48,42ba96b7-69db-4ac7-8ed7-4435e1f317a2,decisions,gpt-6-luna,ok,escalate,1,149.92125000001397,5.42e-05,"{'input_tokens': 542, 'input_tokens_details': {'cached_tokens': 0, 'cache_write_tokens': 0}, 'output_tokens': 0, 'output_tokens_details': {'reasoning_tokens': 0}, 'total_tokens': 542}",True
137e2d02-2011-4dc5-a20f-476743154b23,incidents,heldout-incident-48,2cef5b33-c580-413c-837f-5386b7689dcb,jev,jev-1.13.0,ok,escalate,1,182.55670900002588,3.3432e-05,"{'input_tokens': 796, 'output_tokens': 80}",True
6f2ad356-6171-4933-84f1-52ecc83f1bc2,incidents,heldout-incident-49,012f4083-15a4-4a39-84ec-9711d8b993ad,decisions,gpt-6-luna,ok,check_website,0.9,186.21308399992995,5.190000000000001e-05,"{'input_tokens': 519, 'input_tokens_details': {'cached_tokens': 0, 'cache_write_tokens': 0}, 'output_tokens': 0, 'output_tokens_details': {'reasoning_tokens': 0}, 'total_tokens': 519}",
6f2ad356-6171-4933-84f1-52ecc83f1bc2,incidents,heldout-incident-49,c32c8639-200a-42ca-8650-9383a8c1ac56,jev,jev-1.13.0,ok,check_website,0.94,199.82441699993797,3.3978e-05,"{'input_tokens': 809, 'output_tokens': 122}",
6f2ad356-6171-4933-84f1-52ecc83f1bc2,incidents,heldout-incident-49,1ef9e5cf-7af5-473d-a9a4-843b7942c01b,jev,jev-1.13.0,ok,diagnose_website,0.93,161.79679199995007,3.3936e-05,"{'input_tokens': 808, 'output_tokens': 115}",True
6f2ad356-6171-4933-84f1-52ecc83f1bc2,incidents,heldout-incident-49,8f4bf559-f3d3-4729-a7a0-a91db66becc1,decisions,gpt-6-luna,ok,check_auth,0.32,161.71233300003223,5.25e-05,"{'input_tokens': 525, 'input_tokens_details': {'cached_tokens': 0, 'cache_write_tokens': 0}, 'output_tokens': 0, 'output_tokens_details': {'reasoning_tokens': 0}, 'total_tokens': 525}",
6f2ad356-6171-4933-84f1-52ecc83f1bc2,incidents,heldout-incident-49,4c0724e2-9244-4813-b5e8-25e1cb655054,decisions,gpt-6-luna,ok,check_payments,0.75,147.50587500003166,5.3e-05,"{'input_tokens': 530, 'input_tokens_details': {'cached_tokens': 0, 'cache_write_tokens': 0}, 'output_tokens': 0, 'output_tokens_details': {'reasoning_tokens': 0}, 'total_tokens': 530}",
6f2ad356-6171-4933-84f1-52ecc83f1bc2,incidents,heldout-incident-49,806d87b6-e462-4986-ac8b-7de98790ed06,decisions,gpt-6-luna,ok,diagnose_website,0.99,116.71299999998882,5.35e-05,"{'input_tokens': 535, 'input_tokens_details': {'cached_tokens': 0, 'cache_write_tokens': 0}, 'output_tokens': 0, 'output_tokens_details': {'reasoning_tokens': 0}, 'total_tokens': 535}",True
ba702e45-6e46-4723-9c7c-d58b1c171a01,incidents,heldout-incident-50,057b0ab9-17df-46d1-bd98-c20a9737314d,decisions,gpt-6-luna,ok,check_auth,0.97,141.30770899995696,5.190000000000001e-05,"{'input_tokens': 519, 'input_tokens_details': {'cached_tokens': 0, 'cache_write_tokens': 0}, 'output_tokens': 0, 'output_tokens_details': {'reasoning_tokens': 0}, 'total_tokens': 519}",
ba702e45-6e46-4723-9c7c-d58b1c171a01,incidents,heldout-incident-50,334b3109-e9d2-4aa9-ab8a-d031fe8ded81,jev,jev-1.13.0,ok,check_auth,0.79,232.15941700001713,3.3894000000000004e-05,"{'input_tokens': 807, 'output_tokens': 121}",
ba702e45-6e46-4723-9c7c-d58b1c171a01,incidents,heldout-incident-50,b42eef43-f011-4be5-b1d1-485ee322e248,decisions,gpt-6-luna,ok,diagnose_auth,0.99,186.93929200002458,5.25e-05,"{'input_tokens': 525, 'input_tokens_details': {'cached_tokens': 0, 'cache_write_tokens': 0}, 'output_tokens': 0, 'output_tokens_details': {'reasoning_tokens': 0}, 'total_tokens': 525}",True
ba702e45-6e46-4723-9c7c-d58b1c171a01,incidents,heldout-incident-50,4a65e715-1d79-42f3-ad49-48677d6ddcea,jev,jev-1.13.0,ok,diagnose_auth,0.95,236.65270900004543,3.385200000000001e-05,"{'input_tokens': 806, 'output_tokens': 115}",True
aebceff5-aae2-46b1-907c-ef81d126193e,incidents,heldout-incident-51,0ed965b3-7b6e-495a-8ebf-a78ba5df5bf0,decisions,gpt-6-luna,ok,check_payments,0.53,122.02183300000615,5.16e-05,"{'input_tokens': 516, 'input_tokens_details': {'cached_tokens': 0, 'cache_write_tokens': 0}, 'output_tokens': 0, 'output_tokens_details': {'reasoning_tokens': 0}, 'total_tokens': 516}",
aebceff5-aae2-46b1-907c-ef81d126193e,incidents,heldout-incident-51,9c21a1b4-3656-4145-967e-a5f2d824d24a,jev,jev-1.13.0,ok,check_payments,0.54,147.55387499998324,3.3768e-05,"{'input_tokens': 804, 'output_tokens': 122}",
aebceff5-aae2-46b1-907c-ef81d126193e,incidents,heldout-incident-51,bda2a4c8-6411-456f-91c9-e826b72f7e28,jev,jev-1.13.0,ok,diagnose_payments,0.98,159.49166699999478,3.3726e-05,"{'input_tokens': 803, 'output_tokens': 115}",True
aebceff5-aae2-46b1-907c-ef81d126193e,incidents,heldout-incident-51,7062ceb0-17c9-4544-b1a1-aa24ca0cc72c,decisions,gpt-6-luna,ok,diagnose_payments,0.97,159.69891699997243,5.22e-05,"{'input_tokens': 522, 'input_tokens_details': {'cached_tokens': 0, 'cache_write_tokens': 0}, 'output_tokens': 0, 'output_tokens_details': {'reasoning_tokens': 0}, 'total_tokens': 522}",True
4b9ea37c-a748-4812-9284-53e3c0b867c7,incidents,heldout-incident-52,fd9371d6-3ec8-469b-9999-58fff0fbc4ca,decisions,gpt-6-luna,ok,check_website,0.43,104.26749999995809,5.15e-05,"{'input_tokens': 515, 'input_tokens_details': {'cached_tokens': 0, 'cache_write_tokens': 0}, 'output_tokens': 0, 'output_tokens_details': {'reasoning_tokens': 0}, 'total_tokens': 515}",
4b9ea37c-a748-4812-9284-53e3c0b867c7,incidents,heldout-incident-52,d3f8c2bc-d18a-4658-a757-f64061bd859b,jev,jev-1.13.0,ok,check_auth,0.32,192.220290999976,3.3726e-05,"{'input_tokens': 803, 'output_tokens': 121}",
4b9ea37c-a748-4812-9284-53e3c0b867c7,incidents,heldout-incident-52,ed429e17-906c-4ebe-8cf6-868c2e5d1d46,decisions,gpt-6-luna,ok,check_auth,0.96,249.8581669999985,5.21e-05,"{'input_tokens': 521, 'input_tokens_details': {'cached_tokens': 0, 'cache_write_tokens': 0}, 'output_tokens': 0, 'output_tokens_details': {'reasoning_tokens': 0}, 'total_tokens': 521}",
4b9ea37c-a748-4812-9284-53e3c0b867c7,incidents,heldout-incident-52,b623379b-6194-40c2-9ba1-386bd681383f,jev,jev-1.13.0,ok,check_payments,0.5,250.937707999954,3.3684000000000005e-05,"{'input_tokens': 802, 'output_tokens': 114}",
4b9ea37c-a748-4812-9284-53e3c0b867c7,incidents,heldout-incident-52,6312a693-d437-4a2b-83ef-748f888f2fd4,decisions,gpt-6-luna,ok,check_payments,0.99,103.36908400000539,5.2600000000000005e-05,"{'input_tokens': 526, 'input_tokens_details': {'cached_tokens': 0, 'cache_write_tokens': 0}, 'output_tokens': 0, 'output_tokens_details': {'reasoning_tokens': 0}, 'total_tokens': 526}",
4b9ea37c-a748-4812-9284-53e3c0b867c7,incidents,heldout-incident-52,88178e65-2fa9-4b94-a89c-127b0c4c21e2,jev,jev-1.13.0,ok,check_database,0.36,150.25116700003855,3.3600000000000004e-05,"{'input_tokens': 800, 'output_tokens': 104}",
4b9ea37c-a748-4812-9284-53e3c0b867c7,incidents,heldout-incident-52,bdcf09ae-4db7-4966-ac2e-79b2ff4b7b88,jev,jev-1.13.0,ok,diagnose_database,0.99,146.19908300007228,3.3516e-05,"{'input_tokens': 798, 'output_tokens': 98}",True
4b9ea37c-a748-4812-9284-53e3c0b867c7,incidents,heldout-incident-52,2f43bf89-f02b-4c66-92ff-dd4da379dd08,decisions,gpt-6-luna,ok,check_database,1,177.4827079999959,5.31e-05,"{'input_tokens': 531, 'input_tokens_details': {'cached_tokens': 0, 'cache_write_tokens': 0}, 'output_tokens': 0, 'output_tokens_details': {'reasoning_tokens': 0}, 'total_tokens': 531}",
4b9ea37c-a748-4812-9284-53e3c0b867c7,incidents,heldout-incident-52,81866123-f4d3-40ba-972e-f58d24a06a04,decisions,gpt-6-luna,ok,diagnose_database,0.95,130.68554199999198,5.36e-05,"{'input_tokens': 536, 'input_tokens_details': {'cached_tokens': 0, 'cache_write_tokens': 0}, 'output_tokens': 0, 'output_tokens_details': {'reasoning_tokens': 0}, 'total_tokens': 536}",True
93c7600a-526d-4a81-ad0c-32db5fecbe60,incidents,heldout-incident-53,9bc3efc4-ff94-4bcb-97bf-96cd9798c9ec,jev,jev-1.13.0,ok,check_payments,0.58,134.2579159999732,3.3768e-05,"{'input_tokens': 804, 'output_tokens': 122}",
93c7600a-526d-4a81-ad0c-32db5fecbe60,incidents,heldout-incident-53,96622d1c-d682-45a5-a035-25b9397a8959,decisions,gpt-6-luna,ok,check_payments,0.53,149.78879100002814,5.16e-05,"{'input_tokens': 516, 'input_tokens_details': {'cached_tokens': 0, 'cache_write_tokens': 0}, 'output_tokens': 0, 'output_tokens_details': {'reasoning_tokens': 0}, 'total_tokens': 516}",
93c7600a-526d-4a81-ad0c-32db5fecbe60,incidents,heldout-incident-53,65f6e867-3366-4234-9750-8ac86ada4122,decisions,gpt-6-luna,ok,check_website,0.88,124.87766600004397,5.22e-05,"{'input_tokens': 522, 'input_tokens_details': {'cached_tokens': 0, 'cache_write_tokens': 0}, 'output_tokens': 0, 'output_tokens_details': {'reasoning_tokens': 0}, 'total_tokens': 522}",
93c7600a-526d-4a81-ad0c-32db5fecbe60,incidents,heldout-incident-53,388cba0f-cd93-442f-8cfd-d9efee01dedc,jev,jev-1.13.0,ok,check_database,0.22,217.63320799998473,3.3726e-05,"{'input_tokens': 803, 'output_tokens': 112}",
93c7600a-526d-4a81-ad0c-32db5fecbe60,incidents,heldout-incident-53,3681e2b1-3acf-4428-a3e3-60efa03a096e,decisions,gpt-6-luna,ok,check_auth,0.82,156.7100840000203,5.27e-05,"{'input_tokens': 527, 'input_tokens_details': {'cached_tokens': 0, 'cache_write_tokens': 0}, 'output_tokens': 0, 'output_tokens_details': {'reasoning_tokens': 0}, 'total_tokens': 527}",
93c7600a-526d-4a81-ad0c-32db5fecbe60,incidents,heldout-incident-53,24d79298-27f1-4d2d-9746-feb0fdd08851,jev,jev-1.13.0,ok,check_auth,0.33,217.4477500000503,3.3642e-05,"{'input_tokens': 801, 'output_tokens': 104}",
93c7600a-526d-4a81-ad0c-32db5fecbe60,incidents,heldout-incident-53,7db1e51e-8537-4f50-94ed-b21ec5b3bbd4,decisions,gpt-6-luna,ok,check_database,0.99,106.26604100002442,5.3200000000000006e-05,"{'input_tokens': 532, 'input_tokens_details': {'cached_tokens': 0, 'cache_write_tokens': 0}, 'output_tokens': 0, 'output_tokens_details': {'reasoning_tokens': 0}, 'total_tokens': 532}",
93c7600a-526d-4a81-ad0c-32db5fecbe60,incidents,heldout-incident-53,96d7b1e0-4892-43cd-8b7c-a8dfb99d507f,jev,jev-1.13.0,ok,check_website,0.49,160.39483300002757,3.3558e-05,"{'input_tokens': 799, 'output_tokens': 97}",
93c7600a-526d-4a81-ad0c-32db5fecbe60,incidents,heldout-incident-53,25e33c85-df01-4e70-a86b-6c8de527b641,decisions,gpt-6-luna,ok,check_external,0.69,96.85237500001676,5.3700000000000004e-05,"{'input_tokens': 537, 'input_tokens_details': {'cached_tokens': 0, 'cache_write_tokens': 0}, 'output_tokens': 0, 'output_tokens_details': {'reasoning_tokens': 0}, 'total_tokens': 537}",
93c7600a-526d-4a81-ad0c-32db5fecbe60,incidents,heldout-incident-53,02030b6f-902e-4b3f-adfd-1e509e039c41,jev,jev-1.13.0,ok,check_external,0.67,132.28150000004098,3.3474000000000005e-05,"{'input_tokens': 797, 'output_tokens': 87}",
93c7600a-526d-4a81-ad0c-32db5fecbe60,incidents,heldout-incident-53,ab8fa52d-8e0a-4ea8-91f3-df7108c07864,decisions,gpt-6-luna,ok,diagnose_external,0.9,139.96649999998044,5.42e-05,"{'input_tokens': 542, 'input_tokens_details': {'cached_tokens': 0, 'cache_write_tokens': 0}, 'output_tokens': 0, 'output_tokens_details': {'reasoning_tokens': 0}, 'total_tokens': 542}",True
93c7600a-526d-4a81-ad0c-32db5fecbe60,incidents,heldout-incident-53,58f54d66-627d-4126-b308-12e1dc823182,jev,jev-1.13.0,ok,diagnose_external,1,160.81320800003596,3.3390000000000004e-05,"{'input_tokens': 795, 'output_tokens': 81}",True
0dd30a52-58f4-452f-a972-340113bd6861,incidents,heldout-incident-54,55f338a2-b039-44bb-93be-ec9e76e1c638,decisions,gpt-6-luna,ok,check_website,0.44,125.39054199995007,5.15e-05,"{'input_tokens': 515, 'input_tokens_details': {'cached_tokens': 0, 'cache_write_tokens': 0}, 'output_tokens': 0, 'output_tokens_details': {'reasoning_tokens': 0}, 'total_tokens': 515}",
0dd30a52-58f4-452f-a972-340113bd6861,incidents,heldout-incident-54,9dddbe0c-c4e4-4229-89af-3c167a3b6e3f,jev,jev-1.13.0,ok,check_website,0.51,226.9261669999687,3.3726e-05,"{'input_tokens': 803, 'output_tokens': 122}",
0dd30a52-58f4-452f-a972-340113bd6861,incidents,heldout-incident-54,40e04cdb-f72a-434e-9980-0b1ba9dc5962,decisions,gpt-6-luna,ok,check_auth,0.92,93.38099999993574,5.21e-05,"{'input_tokens': 521, 'input_tokens_details': {'cached_tokens': 0, 'cache_write_tokens': 0}, 'output_tokens': 0, 'output_tokens_details': {'reasoning_tokens': 0}, 'total_tokens': 521}",
0dd30a52-58f4-452f-a972-340113bd6861,incidents,heldout-incident-54,35c2db31-d1e6-4f6f-a3b6-1d4ea36c5d69,jev,jev-1.13.0,ok,check_auth,0.54,144.14495799993165,3.3684000000000005e-05,"{'input_tokens': 802, 'output_tokens': 112}",
0dd30a52-58f4-452f-a972-340113bd6861,incidents,heldout-incident-54,43f4e03d-6986-45f0-894e-61778c906e89,jev,jev-1.13.0,ok,check_payments,0.76,129.84600000001956,3.3600000000000004e-05,"{'input_tokens': 800, 'output_tokens': 105}",
0dd30a52-58f4-452f-a972-340113bd6861,incidents,heldout-incident-54,4ee6cab9-e3a8-42f9-8674-04e4840344b8,decisions,gpt-6-luna,ok,check_payments,0.98,129.66212500003166,5.2600000000000005e-05,"{'input_tokens': 526, 'input_tokens_details': {'cached_tokens': 0, 'cache_write_tokens': 0}, 'output_tokens': 0, 'output_tokens_details': {'reasoning_tokens': 0}, 'total_tokens': 526}",
0dd30a52-58f4-452f-a972-340113bd6861,incidents,heldout-incident-54,17b20ed2-3796-4f0a-b8e5-e8741140e23c,decisions,gpt-6-luna,ok,check_database,0.99,166.63262499996927,5.31e-05,"{'input_tokens': 531, 'input_tokens_details': {'cached_tokens': 0, 'cache_write_tokens': 0}, 'output_tokens': 0, 'output_tokens_details': {'reasoning_tokens': 0}, 'total_tokens': 531}",
0dd30a52-58f4-452f-a972-340113bd6861,incidents,heldout-incident-54,e6004ddd-a111-4f09-8068-0ea86012d4c1,jev,jev-1.13.0,ok,check_database,0.61,170.42170800000895,3.3516e-05,"{'input_tokens': 798, 'output_tokens': 95}",
0dd30a52-58f4-452f-a972-340113bd6861,incidents,heldout-incident-54,b503015d-0766-4f32-aa4f-c9c095ccb7d4,decisions,gpt-6-luna,ok,check_external,0.94,129.69912500004284,5.36e-05,"{'input_tokens': 536, 'input_tokens_details': {'cached_tokens': 0, 'cache_write_tokens': 0}, 'output_tokens': 0, 'output_tokens_details': {'reasoning_tokens': 0}, 'total_tokens': 536}",
0dd30a52-58f4-452f-a972-340113bd6861,incidents,heldout-incident-54,dc30ce66-42b3-40ac-9a3d-2842dcd55973,jev,jev-1.13.0,ok,check_external,0.78,163.99533299996983,3.3432e-05,"{'input_tokens': 796, 'output_tokens': 87}",
0dd30a52-58f4-452f-a972-340113bd6861,incidents,heldout-incident-54,9ae46314-ff3b-4041-a99c-d834200ca643,decisions,gpt-6-luna,ok,escalate,1,159.51862500002608,5.41e-05,"{'input_tokens': 541, 'input_tokens_details': {'cached_tokens': 0, 'cache_write_tokens': 0}, 'output_tokens': 0, 'output_tokens_details': {'reasoning_tokens': 0}, 'total_tokens': 541}",True
0dd30a52-58f4-452f-a972-340113bd6861,incidents,heldout-incident-54,198b8f9c-5569-4dab-a67c-4340f0405d83,jev,jev-1.13.0,ok,escalate,1,176.18808400002308,3.3348e-05,"{'input_tokens': 794, 'output_tokens': 80}",True
1a961dd6-f141-416c-9364-bbdb45b8292e,incidents,heldout-incident-55,7c5d99e1-7ee9-4fbb-9a01-83e64a8fe44c,decisions,gpt-6-luna,ok,check_website,0.95,127.40058299992234,5.22e-05,"{'input_tokens': 522, 'input_tokens_details': {'cached_tokens': 0, 'cache_write_tokens': 0}, 'output_tokens': 0, 'output_tokens_details': {'reasoning_tokens': 0}, 'total_tokens': 522}",
1a961dd6-f141-416c-9364-bbdb45b8292e,incidents,heldout-incident-55,6588c4af-a038-4bbc-b496-b13391b5c8fb,jev,jev-1.13.0,ok,check_website,0.92,201.24824999994598,3.406200000000001e-05,"{'input_tokens': 811, 'output_tokens': 122}",
1a961dd6-f141-416c-9364-bbdb45b8292e,incidents,heldout-incident-55,cd29387c-8084-41ab-9ea5-a818ef8733ca,decisions,gpt-6-luna,ok,check_auth,0.24,138.1331249999348,5.28e-05,"{'input_tokens': 528, 'input_tokens_details': {'cached_tokens': 0, 'cache_write_tokens': 0}, 'output_tokens': 0, 'output_tokens_details': {'reasoning_tokens': 0}, 'total_tokens': 528}",
1a961dd6-f141-416c-9364-bbdb45b8292e,incidents,heldout-incident-55,a8884a78-89aa-4d5e-b480-9592df49ad8d,jev,jev-1.13.0,ok,diagnose_website,0.94,140.46683299995493,3.402e-05,"{'input_tokens': 810, 'output_tokens': 115}",True
1a961dd6-f141-416c-9364-bbdb45b8292e,incidents,heldout-incident-55,dba4ce42-cfac-4e0d-bd73-b6090503b66a,decisions,gpt-6-luna,ok,diagnose_website,0.85,176.2747499999823,5.33e-05,"{'input_tokens': 533, 'input_tokens_details': {'cached_tokens': 0, 'cache_write_tokens': 0}, 'output_tokens': 0, 'output_tokens_details': {'reasoning_tokens': 0}, 'total_tokens': 533}",True
3abd714d-591f-453b-bc00-9df9546dfa65,incidents,heldout-incident-56,8ff27086-7252-4a11-8f0a-485e47d1ba64,decisions,gpt-6-luna,ok,check_auth,0.76,120.14008299994748,5.17e-05,"{'input_tokens': 517, 'input_tokens_details': {'cached_tokens': 0, 'cache_write_tokens': 0}, 'output_tokens': 0, 'output_tokens_details': {'reasoning_tokens': 0}, 'total_tokens': 517}",
3abd714d-591f-453b-bc00-9df9546dfa65,incidents,heldout-incident-56,4eccf4d4-be34-41b0-adda-4022208b0e06,jev,jev-1.13.0,ok,check_auth,0.82,176.5899999999674,3.385200000000001e-05,"{'input_tokens': 806, 'output_tokens': 121}",
3abd714d-591f-453b-bc00-9df9546dfa65,incidents,heldout-incident-56,62d3d372-b841-494b-8df4-db0c45fe9f83,jev,jev-1.13.0,ok,diagnose_auth,0.96,194.8676249999553,3.381e-05,"{'input_tokens': 805, 'output_tokens': 115}",True
3abd714d-591f-453b-bc00-9df9546dfa65,incidents,heldout-incident-56,61d9e793-cc3d-4024-9148-004bd0df56c7,decisions,gpt-6-luna,ok,diagnose_auth,0.96,386.0749160000123,5.2300000000000004e-05,"{'input_tokens': 523, 'input_tokens_details': {'cached_tokens': 0, 'cache_write_tokens': 0}, 'output_tokens': 0, 'output_tokens_details': {'reasoning_tokens': 0}, 'total_tokens': 523}",True
ffd139d1-f249-4160-8bf8-f18d474aaaae,incidents,heldout-incident-57,cec15f2e-8e3d-4a9d-88cc-c777786d9280,decisions,gpt-6-luna,ok,check_payments,0.48,174.62283300003037,5.14e-05,"{'input_tokens': 514, 'input_tokens_details': {'cached_tokens': 0, 'cache_write_tokens': 0}, 'output_tokens': 0, 'output_tokens_details': {'reasoning_tokens': 0}, 'total_tokens': 514}",
ffd139d1-f249-4160-8bf8-f18d474aaaae,incidents,heldout-incident-57,fd448d23-6a2e-4aac-b4e8-339e15fc3ac9,jev,jev-1.13.0,ok,check_payments,0.75,181.68020800000522,3.3642e-05,"{'input_tokens': 801, 'output_tokens': 122}",
ffd139d1-f249-4160-8bf8-f18d474aaaae,incidents,heldout-incident-57,030edb00-a926-4ae7-9fc4-612311fef7f7,jev,jev-1.13.0,ok,diagnose_payments,0.99,149.35362499998882,3.3600000000000004e-05,"{'input_tokens': 800, 'output_tokens': 115}",True
ffd139d1-f249-4160-8bf8-f18d474aaaae,incidents,heldout-incident-57,a606f35f-3b4e-4c89-9691-d3e64d998a11,decisions,gpt-6-luna,ok,diagnose_payments,0.96,149.7238340000622,5.2e-05,"{'input_tokens': 520, 'input_tokens_details': {'cached_tokens': 0, 'cache_write_tokens': 0}, 'output_tokens': 0, 'output_tokens_details': {'reasoning_tokens': 0}, 'total_tokens': 520}",True
d04b40eb-860e-4943-bc0f-9a7a63f705bc,incidents,heldout-incident-58,22a8c624-8d22-4522-a96c-7c98b2f5237b,jev,jev-1.13.0,ok,check_database,0.41,119.30658400000539,3.381e-05,"{'input_tokens': 805, 'output_tokens': 121}",
d04b40eb-860e-4943-bc0f-9a7a63f705bc,incidents,heldout-incident-58,d24f4f8a-dec9-4a3a-af13-9d5a90a809e6,decisions,gpt-6-luna,ok,check_website,0.25,151.1038749999134,5.17e-05,"{'input_tokens': 517, 'input_tokens_details': {'cached_tokens': 0, 'cache_write_tokens': 0}, 'output_tokens': 0, 'output_tokens_details': {'reasoning_tokens': 0}, 'total_tokens': 517}",
d04b40eb-860e-4943-bc0f-9a7a63f705bc,incidents,heldout-incident-58,5f6fee4e-b6eb-43e2-9481-a61c71c69178,jev,jev-1.13.0,ok,diagnose_database,0.99,144.8432919998886,3.3768e-05,"{'input_tokens': 804, 'output_tokens': 115}",True
d04b40eb-860e-4943-bc0f-9a7a63f705bc,incidents,heldout-incident-58,c80ff8e0-2ce9-43f6-8e55-dcd30da8c2b6,decisions,gpt-6-luna,ok,check_auth,0.91,150.26854199997615,5.2300000000000004e-05,"{'input_tokens': 523, 'input_tokens_details': {'cached_tokens': 0, 'cache_write_tokens': 0}, 'output_tokens': 0, 'output_tokens_details': {'reasoning_tokens': 0}, 'total_tokens': 523}",
d04b40eb-860e-4943-bc0f-9a7a63f705bc,incidents,heldout-incident-58,ec7d2893-c905-4610-97c1-a989de929d93,decisions,gpt-6-luna,ok,check_payments,0.97,177.49887500004843,5.28e-05,"{'input_tokens': 528, 'input_tokens_details': {'cached_tokens': 0, 'cache_write_tokens': 0}, 'output_tokens': 0, 'output_tokens_details': {'reasoning_tokens': 0}, 'total_tokens': 528}",
d04b40eb-860e-4943-bc0f-9a7a63f705bc,incidents,heldout-incident-58,d3ecdaa8-c611-4370-832a-3711986506cb,decisions,gpt-6-luna,ok,check_database,0.99,116.00937500002328,5.33e-05,"{'input_tokens': 533, 'input_tokens_details': {'cached_tokens': 0, 'cache_write_tokens': 0}, 'output_tokens': 0, 'output_tokens_details': {'reasoning_tokens': 0}, 'total_tokens': 533}",
d04b40eb-860e-4943-bc0f-9a7a63f705bc,incidents,heldout-incident-58,46707fef-2ff8-4ba0-b8f7-c1849a7e666d,decisions,gpt-6-luna,ok,diagnose_database,0.66,132.26329199993052,5.380000000000001e-05,"{'input_tokens': 538, 'input_tokens_details': {'cached_tokens': 0, 'cache_write_tokens': 0}, 'output_tokens': 0, 'output_tokens_details': {'reasoning_tokens': 0}, 'total_tokens': 538}",True
ffe3c61c-338c-4093-aa83-97339defed35,incidents,heldout-incident-59,8bb7266b-533b-4549-a1d4-d06532098b6c,jev,jev-1.13.0,ok,check_payments,0.78,203.13558300002478,3.3642e-05,"{'input_tokens': 801, 'output_tokens': 122}",
ffe3c61c-338c-4093-aa83-97339defed35,incidents,heldout-incident-59,4ad2ccd9-2104-4bef-8209-ad0fa285de92,decisions,gpt-6-luna,ok,check_payments,0.48,207.67383300000802,5.14e-05,"{'input_tokens': 514, 'input_tokens_details': {'cached_tokens': 0, 'cache_write_tokens': 0}, 'output_tokens': 0, 'output_tokens_details': {'reasoning_tokens': 0}, 'total_tokens': 514}",
ffe3c61c-338c-4093-aa83-97339defed35,incidents,heldout-incident-59,64e19e70-bf25-444e-914c-8e2d63fd64e4,decisions,gpt-6-luna,ok,check_website,0.47,126.16366700001527,5.2e-05,"{'input_tokens': 520, 'input_tokens_details': {'cached_tokens': 0, 'cache_write_tokens': 0}, 'output_tokens': 0, 'output_tokens_details': {'reasoning_tokens': 0}, 'total_tokens': 520}",
ffe3c61c-338c-4093-aa83-97339defed35,incidents,heldout-incident-59,c58aeaac-4ff5-4a32-b1ce-439030726f46,jev,jev-1.13.0,ok,check_database,0.31,138.52012500003912,3.3600000000000004e-05,"{'input_tokens': 800, 'output_tokens': 112}",
ffe3c61c-338c-4093-aa83-97339defed35,incidents,heldout-incident-59,46f7396f-16f5-4a5f-ab48-968f38fbabac,decisions,gpt-6-luna,ok,check_auth,0.7,120.85649999999441,5.25e-05,"{'input_tokens': 525, 'input_tokens_details': {'cached_tokens': 0, 'cache_write_tokens': 0}, 'output_tokens': 0, 'output_tokens_details': {'reasoning_tokens': 0}, 'total_tokens': 525}",
ffe3c61c-338c-4093-aa83-97339defed35,incidents,heldout-incident-59,30d8b920-f0cb-4b79-b152-53160f9e3d1d,jev,jev-1.13.0,ok,check_external,0.24,128.9999170000665,3.3516e-05,"{'input_tokens': 798, 'output_tokens': 104}",
ffe3c61c-338c-4093-aa83-97339defed35,incidents,heldout-incident-59,80f58122-91eb-438d-a348-2191ad3102e8,decisions,gpt-6-luna,ok,check_database,0.99,153.81066700001247,5.3e-05,"{'input_tokens': 530, 'input_tokens_details': {'cached_tokens': 0, 'cache_write_tokens': 0}, 'output_tokens': 0, 'output_tokens_details': {'reasoning_tokens': 0}, 'total_tokens': 530}",
ffe3c61c-338c-4093-aa83-97339defed35,incidents,heldout-incident-59,30cbcef2-49ad-4730-8754-a631f20db22c,jev,jev-1.13.0,ok,diagnose_external,1,156.63154199998826,3.3432e-05,"{'input_tokens': 796, 'output_tokens': 98}",True
ffe3c61c-338c-4093-aa83-97339defed35,incidents,heldout-incident-59,bc8748db-a667-48cf-9709-ed77077ad111,decisions,gpt-6-luna,ok,check_external,0.89,108.343957999954,5.35e-05,"{'input_tokens': 535, 'input_tokens_details': {'cached_tokens': 0, 'cache_write_tokens': 0}, 'output_tokens': 0, 'output_tokens_details': {'reasoning_tokens': 0}, 'total_tokens': 535}",
ffe3c61c-338c-4093-aa83-97339defed35,incidents,heldout-incident-59,c534d9f4-8781-48ab-abb9-d8b966412097,decisions,gpt-6-luna,ok,diagnose_external,0.86,156.8379169999389,5.4e-05,"{'input_tokens': 540, 'input_tokens_details': {'cached_tokens': 0, 'cache_write_tokens': 0}, 'output_tokens': 0, 'output_tokens_details': {'reasoning_tokens': 0}, 'total_tokens': 540}",True
0fda55fc-b547-4e87-b070-90f0c102d890,incidents,heldout-incident-60,5995110b-da2d-4d80-8675-12483fc79f7f,jev,jev-1.13.0,ok,check_website,0.36,111.59037499991246,3.381e-05,"{'input_tokens': 805, 'output_tokens': 122}",
0fda55fc-b547-4e87-b070-90f0c102d890,incidents,heldout-incident-60,b9116ce7-f2e0-4fe5-8f65-0e943f6e32b7,decisions,gpt-6-luna,ok,check_website,0.41,190.55391700007021,5.16e-05,"{'input_tokens': 516, 'input_tokens_details': {'cached_tokens': 0, 'cache_write_tokens': 0}, 'output_tokens': 0, 'output_tokens_details': {'reasoning_tokens': 0}, 'total_tokens': 516}",
0fda55fc-b547-4e87-b070-90f0c102d890,incidents,heldout-incident-60,0ab1e49b-44a8-4482-b6e8-a84e7d2ff4e9,decisions,gpt-6-luna,ok,check_auth,0.92,104.8240409999853,5.22e-05,"{'input_tokens': 522, 'input_tokens_details': {'cached_tokens': 0, 'cache_write_tokens': 0}, 'output_tokens': 0, 'output_tokens_details': {'reasoning_tokens': 0}, 'total_tokens': 522}",
0fda55fc-b547-4e87-b070-90f0c102d890,incidents,heldout-incident-60,6e391c76-7488-4362-af14-b86adf434ed9,jev,jev-1.13.0,ok,check_auth,0.48,132.8810410000151,3.3768e-05,"{'input_tokens': 804, 'output_tokens': 112}",
0fda55fc-b547-4e87-b070-90f0c102d890,incidents,heldout-incident-60,eaf2bdbf-63e2-4d05-9d30-736b94182624,decisions,gpt-6-luna,ok,check_payments,0.99,130.3183339999523,5.27e-05,"{'input_tokens': 527, 'input_tokens_details': {'cached_tokens': 0, 'cache_write_tokens': 0}, 'output_tokens': 0, 'output_tokens_details': {'reasoning_tokens': 0}, 'total_tokens': 527}",
0fda55fc-b547-4e87-b070-90f0c102d890,incidents,heldout-incident-60,d0764ed9-935a-4455-993b-d9a8483e51df,jev,jev-1.13.0,ok,check_payments,0.75,136.94808300002478,3.3684000000000005e-05,"{'input_tokens': 802, 'output_tokens': 105}",
0fda55fc-b547-4e87-b070-90f0c102d890,incidents,heldout-incident-60,8574f960-7814-4b28-912f-28cd18441399,jev,jev-1.13.0,ok,check_database,0.61,167.6021250000922,3.3600000000000004e-05,"{'input_tokens': 800, 'output_tokens': 95}",
0fda55fc-b547-4e87-b070-90f0c102d890,incidents,heldout-incident-60,20c2bae5-5761-45bc-acd6-6a66653d5b22,decisions,gpt-6-luna,ok,check_database,0.99,167.80749999999534,5.3200000000000006e-05,"{'input_tokens': 532, 'input_tokens_details': {'cached_tokens': 0, 'cache_write_tokens': 0}, 'output_tokens': 0, 'output_tokens_details': {'reasoning_tokens': 0}, 'total_tokens': 532}",
0fda55fc-b547-4e87-b070-90f0c102d890,incidents,heldout-incident-60,e8eeb017-2f5b-4816-a596-08310c7c8d59,decisions,gpt-6-luna,ok,check_external,0.79,117.26695799990557,5.3700000000000004e-05,"{'input_tokens': 537, 'input_tokens_details': {'cached_tokens': 0, 'cache_write_tokens': 0}, 'output_tokens': 0, 'output_tokens_details': {'reasoning_tokens': 0}, 'total_tokens': 537}",
0fda55fc-b547-4e87-b070-90f0c102d890,incidents,heldout-incident-60,c7968152-e0e8-4ca3-ab63-40ae46a3a839,jev,jev-1.13.0,ok,check_external,0.73,134.09812500001863,3.3516e-05,"{'input_tokens': 798, 'output_tokens': 87}",
0fda55fc-b547-4e87-b070-90f0c102d890,incidents,heldout-incident-60,4e8a41e8-5330-437d-bdd0-bc3d560ad625,jev,jev-1.13.0,ok,escalate,1,128.79737499996554,3.3432e-05,"{'input_tokens': 796, 'output_tokens': 80}",True
0fda55fc-b547-4e87-b070-90f0c102d890,incidents,heldout-incident-60,97294d9b-e57e-4c1e-b631-5af6eb704c22,decisions,gpt-6-luna,ok,escalate,1,140.28679199994076,5.42e-05,"{'input_tokens': 542, 'input_tokens_details': {'cached_tokens': 0, 'cache_write_tokens': 0}, 'output_tokens': 0, 'output_tokens_details': {'reasoning_tokens': 0}, 'total_tokens': 542}",True
